{"initial_reset_timestamp": 1583885754.4860897, "timestamps": [1583885877.634434], "episode_lengths": [1000], "episode_rewards": [-9.77443609022592], "episode_types": ["t", "t"]}