{"initial_reset_timestamp": 1583885745.8565197, "timestamps": [1583885802.6530728, 1583885862.2469368, 1583885884.4473486, 1583885906.5141435, 1583885927.3903224, 1583885947.4119055, 1583885964.672927, 1583885982.205289, 1583886029.2922292, 1583886047.959092, 1583886065.5963306, 1583886074.2399678, 1583886091.801617, 1583886109.1552386, 1583886126.7205558, 1583886143.8010511, 1583886150.455984, 1583886155.2000878, 1583886160.3087058, 1583886165.3862138, 1583886170.284967, 1583886179.1313367, 1583886195.786773, 1583886212.4842224, 1583886229.4934773, 1583886246.3637211, 1583886251.6357625, 1583886268.3880224, 1583886275.415966, 1583886280.6308653, 1583886297.670976, 1583886315.465389, 1583886333.0421169, 1583886351.340848, 1583886369.9283814, 1583886387.6491172, 1583886406.0325332, 1583886413.7429435, 1583886419.2834065, 1583886424.7656999, 1583886430.3252854, 1583886440.6936443, 1583886458.9819467, 1583886476.8866591, 1583886494.8007314, 1583886512.160502, 1583886529.5351036, 1583886546.463241, 1583886563.236673, 1583886580.5456738, 1583886598.7791219, 1583886615.9053516, 1583886632.941933, 1583886649.6560006, 1583886666.7696128, 1583886683.4727871, 1583886700.2207491, 1583886718.1244805, 1583886737.4675508, 1583886756.5929868, 1583886773.7445645, 1583886791.2170212, 1583886808.9917288, 1583886826.5375018, 1583886873.858384, 1583886891.5261836, 1583886908.5190516, 1583886926.008403, 1583886942.8711522, 1583886959.4649053, 1583886976.219689, 1583886994.3624597, 1583887011.5892646, 1583887028.5868392, 1583887045.7655442, 1583887063.2154362, 1583887080.906089, 1583887098.9052324, 1583887115.8019252, 1583887132.4802377, 1583887149.9991376, 1583887166.8144295, 1583887184.1507416, 1583887201.3842106, 1583887219.4709034, 1583887240.013729, 1583887259.6862557, 1583887279.6134925, 1583887297.099022], "episode_lengths": [1000, 1000, 1000, 1000, 1000, 1000, 1000, 1000, 1000, 1000, 1000, 502, 1000, 1000, 1000, 1000, 363, 288, 299, 303, 296, 523, 1000, 1000, 1000, 1000, 311, 377, 404, 308, 1000, 1000, 1000, 1000, 1000, 1000, 1000, 446, 300, 313, 314, 574, 1000, 1000, 1000, 1000, 1000, 1000, 1000, 1000, 1000, 1000, 1000, 1000, 1000, 1000, 1000, 1000, 1000, 1000, 1000, 1000, 1000, 1000, 1000, 1000, 1000, 1000, 1000, 1000, 1000, 1000, 1000, 1000, 1000, 1000, 1000, 1000, 1000, 1000, 1000, 1000, 1000, 1000, 1000, 1000, 965, 1000, 1000], "episode_rewards": [-32.33082706766978, -69.92481203007561, -4.347826086956919, -3.421429806138576e-13, -52.38095238095297, -37.50000000000011, 95.31249999999916, -36.507936507936606, -54.19847328244314, -37.00787401574885, 61.290322580645636, -37.31804511278001, 33.858267716535806, 23.188405797100906, -2.2556390977453082, -48.52941176470626, 6.65714285714418, 9.231034482759853, 25.238759689923796, 37.73893129771122, -14.74590163934299, -2.1999999999974307, 26.050420168069564, 50.37593984962339, -7.692307692308065, 34.45378151260458, 33.06250000000139, -1.2363636363618298, 17.594736842106812, 31.90162601626153, 64.06250000000534, 76.47058823529943, 66.66666666667203, 32.3529411764736, -59.01639344262372, -48.14814814814866, -31.297709923664573, 22.16666666666825, -6.0061946902641665, 19.17593984962545, 35.366666666668124, -5.784848484845611, 47.0588235294159, -23.664122137405375, 66.66666666666814, 50.37593984962813, -57.746478873240086, 27.118644067796502, -5.511811023622611, 100.00000000000409, -27.007299270072988, 18.11023622047184, -38.931297709924394, 26.126126126124802, -21.875000000000405, -47.76119402985119, -69.69696969696993, -56.140350877193725, -62.96296296296355, 62.393162393162136, 41.66666666667018, 43.99999999999877, -54.545454545455364, -47.7611940298516, -9.774436090225963, 10.16949152542331, -59.0163934426238, -41.66666666666751, 13.82113821138147, -42.14876033057938, 77.41935483870868, -2.9850746268660555, -18.91891891891972, 32.812499999998934, 65.28925619835061, -30.769230769231623, 34.45378151260448, -28.57142857142941, -52.00000000000086, -29.824561403509342, -36.000000000000554, -12.698412698413255, -53.846153846154685, -8.39694656488622, 12.781954887216708, -54.545454545455385, -45.60634920634795, 29.03225806451657, -6.250000000000966], "episode_types": ["t", "t", "t", "t", "t", "t", "t", "t", "t", "t", "t", "t", "t", "t", "t", "t", "t", "t", "t", "t", "t", "t", "t", "t", "t", "t", "t", "t", "t", "t", "t", "t", "t", "t", "t", "t", "t", "t", "t", "t", "t", "t", "t", "t", "t", "t", "t", "t", "t", "t", "t", "t", "t", "t", "t", "t", "t", "t", "t", "t", "t", "t", "t", "t", "t", "t", "t", "t", "t", "t", "t", "t", "t", "t", "t", "t", "t", "t", "t", "t", "t", "t", "t", "t", "t", "t", "t", "t", "t", "t"]}