{"config": {"eng_power": 406855336, "wheel_moment": 17062.373071927006, "friction_lim": 436426.62553667196, "wheel_rad": 47, "wheel_width": 58, "wheel_pos": [[-154, 53], [58, 53], [-97, -230], [89, -230]], "drive_train": [true, false, true, true], "hull_poly1": [[-56.5, 0], [56.5, 0], [-119.0, 103], [119.0, 103]], "hull_poly2": [[-46.0, 0], [46.0, 0], [-72.0, -23], [72.0, -23]], "hull_poly3": [[-156, -23], [156, -23], [-156, -58], [156, -58]], "hull_poly4": [[-200, 103], [200, 103], [-200, 128], [200, 128]], "hull_densities": [0.833522576482012, 1.1832986308101416, 1.1042055610983899, 1.7884144032621143]}, "reward": 7.493984962405751, "fuel": 14646792.096, "grass": 4.0}
{"config": {"eng_power": 343352847, "wheel_moment": 11444.165117115728, "friction_lim": 549635.0632919628, "wheel_rad": 54, "wheel_width": 57, "wheel_pos": [[-80, 50], [101, 50], [-100, -161], [51, -161]], "drive_train": [false, true, true, true], "hull_poly1": [[-50.5, 0], [50.5, 0], [-89.0, 10], [89.0, 10]], "hull_poly2": [[-31.0, 0], [31.0, 0], [-34.0, -108], [34.0, -108]], "hull_poly3": [[-24, -108], [24, -108], [-24, -143], [24, -143]], "hull_poly4": [[-32, 10], [32, 10], [-32, 35], [32, 35]], "hull_densities": [0.6198132744927681, 1.0868138656703143, 0.9404784558400554, 1.5895515201590107]}, "reward": 7.493984962406071, "fuel": 0.0, "grass": 4.0}
{"config": {"eng_power": 563312128, "wheel_moment": 20557.838990590815, "friction_lim": 642515.7310339587, "wheel_rad": 69, "wheel_width": 51, "wheel_pos": [[-39, 96], [121, 96], [-119, -185], [119, -185]], "drive_train": [true, false, true, true], "hull_poly1": [[-10.5, 0], [10.5, 0], [-9.0, 18], [9.0, 18]], "hull_poly2": [[-112.5, 0], [112.5, 0], [-16.5, -26], [16.5, -26]], "hull_poly3": [[-159, -26], [159, -26], [-159, -61], [159, -61]], "hull_poly4": [[-108, 18], [108, 18], [-108, 43], [108, 43]], "hull_densities": [0.6316880657452904, 1.3620075484689391, 1.1941275048756212, 0.8344639199053053]}, "reward": 45.08796992481162, "fuel": 3379872.768, "grass": 421.0}
{"config": {"eng_power": 898553327, "wheel_moment": 11423.058452135454, "friction_lim": 550793.5089461277, "wheel_rad": 55, "wheel_width": 33, "wheel_pos": [[-81, 33], [98, 33], [-87, -193], [55, -193]], "drive_train": [false, true, true, false], "hull_poly1": [[-87.0, 0], [87.0, 0], [-17.0, 134], [17.0, 134]], "hull_poly2": [[-15.0, 0], [15.0, 0], [-38.5, -38], [38.5, -38]], "hull_poly3": [[-49, -38], [49, -38], [-49, -73], [49, -73]], "hull_poly4": [[-68, 134], [68, 134], [-68, 159], [68, 159]], "hull_densities": [0.6198132744927681, 1.0868138656703143, 0.9404784558400554, 0.9928600301793444]}, "reward": 135.31353383458756, "fuel": 43130559.69599999, "grass": 650.0}
{"config": {"eng_power": 127434868, "wheel_moment": 23522.587206515025, "friction_lim": 518126.0279731967, "wheel_rad": 75, "wheel_width": 54, "wheel_pos": [[-200, 91], [56, 91], [-121, -51], [75, -51]], "drive_train": [true, true, false, false], "hull_poly1": [[-77.5, 0], [77.5, 0], [-106.5, 14], [106.5, 14]], "hull_poly2": [[-96.5, 0], [96.5, 0], [-95.5, -227], [95.5, -227]], "hull_poly3": [[-33, -227], [33, -227], [-33, -262], [33, -262]], "hull_poly4": [[-54, 14], [54, 14], [-54, 39], [54, 39]], "hull_densities": [1.2779845021154326, 1.901581731925404, 1.2865630060707678, 1.6556820697891386]}, "reward": 7.493984962406007, "fuel": 509739.472, "grass": 4.0}
{"config": {"eng_power": 75206637, "wheel_moment": 29877.252536543776, "friction_lim": 396930.9036628888, "wheel_rad": 94, "wheel_width": 57, "wheel_pos": [[-209, 13], [106, 13], [-80, -33], [16, -33]], "drive_train": [false, true, true, false], "hull_poly1": [[-107.0, 0], [107.0, 0], [-23.5, 135], [23.5, 135]], "hull_poly2": [[-74.0, 0], [74.0, 0], [-75.5, -173], [75.5, -173]], "hull_poly3": [[-152, -173], [152, -173], [-152, -208], [152, -208]], "hull_poly4": [[-70, 135], [70, 135], [-70, 160], [70, 160]], "hull_densities": [1.1259878075217593, 0.6062236781013771, 0.44399986245989254, 0.7435056714226388]}, "reward": 15.012781954886876, "fuel": 234243605.37599918, "grass": 506.0}
{"config": {"eng_power": 478082198, "wheel_moment": 26295.82678574309, "friction_lim": 485019.89637097094, "wheel_rad": 94, "wheel_width": 58, "wheel_pos": [[-181, 22], [27, 22], [-107, -203], [19, -203]], "drive_train": [false, false, true, false], "hull_poly1": [[-79.5, 0], [79.5, 0], [-49.5, 86], [49.5, 86]], "hull_poly2": [[-74.0, 0], [74.0, 0], [-118.5, -77], [118.5, -77]], "hull_poly3": [[-104, -77], [104, -77], [-104, -112], [104, -112]], "hull_poly4": [[-67, 86], [67, 86], [-67, 111], [67, 111]], "hull_densities": [0.9371686179566368, 1.7065209144462417, 1.5589468010955245, 0.9245902952845011]}, "reward": 60.12556390977408, "fuel": 807002750.2239966, "grass": 589.0}
{"config": {"eng_power": 922992330, "wheel_moment": 19335.024694936925, "friction_lim": 633216.0088333116, "wheel_rad": 60, "wheel_width": 83, "wheel_pos": [[-118, 66], [56, 66], [-99, -142], [68, -142]], "drive_train": [false, true, true, true], "hull_poly1": [[-82.5, 0], [82.5, 0], [-59.5, 213], [59.5, 213]], "hull_poly2": [[-84.5, 0], [84.5, 0], [-95.0, -171], [95.0, -171]], "hull_poly3": [[-31, -171], [31, -171], [-31, -206], [31, -206]], "hull_poly4": [[-127, 213], [127, 213], [-127, 238], [127, 238]], "hull_densities": [1.1975294266739047, 1.4823323853834953, 1.045274945084463, 1.7935556385165625]}, "reward": 60.1255639097754, "fuel": 3245241032.2799935, "grass": 966.0}
{"config": {"eng_power": 924967483, "wheel_moment": 11583.02843130264, "friction_lim": 733979.8250628551, "wheel_rad": 69, "wheel_width": 84, "wheel_pos": [[-74, 18], [28, 18], [-83, -90], [100, -90]], "drive_train": [false, true, false, false], "hull_poly1": [[-82.5, 0], [82.5, 0], [-51.0, 190], [51.0, 190]], "hull_poly2": [[-70.5, 0], [70.5, 0], [-41.5, -182], [41.5, -182]], "hull_poly3": [[-174, -182], [174, -182], [-174, -217], [174, -217]], "hull_poly4": [[-76, 190], [76, 190], [-76, 215], [76, 215]], "hull_densities": [0.9335017675879888, 1.4219995755087276, 0.6402011708521287, 0.18477581725763853]}, "reward": 82.68195488721867, "fuel": 181293626.66799998, "grass": 507.0}
{"config": {"eng_power": 957242948, "wheel_moment": 12293.14796514957, "friction_lim": 486809.1138669352, "wheel_rad": 78, "wheel_width": 94, "wheel_pos": [[-62, 46], [44, 46], [-83, -174], [101, -174]], "drive_train": [false, true, false, false], "hull_poly1": [[-83.0, 0], [83.0, 0], [-55.5, 148], [55.5, 148]], "hull_poly2": [[-70.5, 0], [70.5, 0], [-50.5, -101], [50.5, -101]], "hull_poly3": [[-251, -101], [251, -101], [-251, -136], [251, -136]], "hull_poly4": [[-123, 148], [123, 148], [-123, 173], [123, 173]], "hull_densities": [0.5029382113067736, 0.7747978592688806, 0.6361667313344783, 1.25286044002457]}, "reward": 112.75714285714406, "fuel": 15315887.168000001, "grass": 538.0}
{"config": {"eng_power": 557078022, "wheel_moment": 19927.394916935285, "friction_lim": 513516.06177742855, "wheel_rad": 95, "wheel_width": 63, "wheel_pos": [[-65, 39], [112, 39], [-44, -42], [18, -42]], "drive_train": [false, true, true, false], "hull_poly1": [[-113.5, 0], [113.5, 0], [-78.0, 47], [78.0, 47]], "hull_poly2": [[-93.0, 0], [93.0, 0], [-33.0, -207], [33.0, -207]], "hull_poly3": [[-174, -207], [174, -207], [-174, -242], [174, -242]], "hull_poly4": [[-135, 47], [135, 47], [-135, 72], [135, 72]], "hull_densities": [1.0294984709313664, 1.01333290294952, 0.7584688854162551, 0.9898883632687029]}, "reward": 7.493984962405818, "fuel": 4456624.176, "grass": 247.0}
{"config": {"eng_power": 601417404, "wheel_moment": 19884.222181078963, "friction_lim": 495658.8630224011, "wheel_rad": 35, "wheel_width": 74, "wheel_pos": [[-56, 63], [84, 63], [-95, -158], [55, -158]], "drive_train": [true, false, true, false], "hull_poly1": [[-54.5, 0], [54.5, 0], [-114.0, 166], [114.0, 166]], "hull_poly2": [[-48.0, 0], [48.0, 0], [-27.0, -123], [27.0, -123]], "hull_poly3": [[-223, -123], [223, -123], [-223, -158], [223, -158]], "hull_poly4": [[-112, 166], [112, 166], [-112, 191], [112, 191]],