{"eng_power": 309489.5691317888, "wheel_moment": 1.6, "friction_lim": 10000.0, "wheel_rad": 10.0, "wheel_width": 14.0, "drive_train": [0, 0, 1, 1], "hull_poly2": [[-112.5, 120], [112.5, 120], [20.0, 20], [-20.0, 20]], "hull_poly3": [[25.0, 20], [50.0, -10], [47.0, -40], [20.0, -90], [-20.0, -90], [-47.0, -40], [-50.0, -10], [-25.0, 20]], "steering_scalar": 0.4647392565990328, "rear_steering_scalar": 0.0, "brake_scalar": 1.9121555941870285, "max_speed": 90.0, "hull_poly1": [[-60.0, 130], [60.0, 130], [115.5, 110], [-115.5, 110]], "hull_poly4": [[-50.0, -120], [50.0, -120], [50.0, -90], [-50.0, -90]], "hull_densities": [1.0, 1.0, 1.0, 1.0], "wheel_pos": [[-55, 80], [55, 80], [-55, -82], [55, -82]]}