{"eng_power": 35024.16550156183, "wheel_moment": 1.6, "friction_lim": 400.0, "wheel_rad": 27.0, "wheel_width": 71.0, "drive_train": [0, 0, 1, 1], "hull_poly2": [[-5.5, 120], [5.5, 120], [18.5, 20], [-18.5, 20]], "hull_poly3": [[124.5, 20], [111.0, -10], [50.0, -40], [5.0, -90], [-5.0, -90], [-50.0, -40], [-111.0, -10], [-124.5, 20]], "steering_scalar": 1.2192899731616018, "rear_steering_scalar": 0.0, "brake_scalar": 1.6931509218849712, "max_speed": 134.0, "hull_poly1": [[-60.0, 130], [60.0, 130], [60.0, 110], [-60.0, 110]], "hull_poly4": [[-50.0, -120], [50.0, -120], [50.0, -90], [-50.0, -90]], "hull_densities": [1.0, 1.0, 1.0, 1.0], "wheel_pos": [[-55, 80], [55, 80], [-55, -82], [55, -82]]}