{"eng_power": 645176.482369914, "wheel_moment": 1.6, "friction_lim": 7874.054094066209, "wheel_rad": 10.0, "wheel_width": 100.0, "drive_train": [0, 0, 1, 1], "hull_poly2": [[-108.0, 120], [108.0, 120], [125.0, 20], [-125.0, 20]], "hull_poly3": [[125.0, 20], [5.0, -10], [89.5, -40], [5.0, -90], [-5.0, -90], [-89.5, -40], [-5.0, -10], [-125.0, 20]], "steering_scalar": 2.0, "rear_steering_scalar": 0.0, "brake_scalar": 1.412355163381591, "max_speed": 73.0, "hull_poly1": [[-112.0, 130], [112.0, 130], [10.5, 110], [-10.5, 110]], "hull_poly4": [[-33.0, -120], [33.0, -120], [30.5, -90], [-30.5, -90]], "hull_densities": [1.0, 1.0, 1.0, 1.0], "wheel_pos": [[-55, 80], [55, 80], [-55, -82], [55, -82]]}