{"eng_power": 820407.6015103078, "wheel_moment": 1.6, "friction_lim": 7522.247028612244, "wheel_rad": 10.0, "wheel_width": 100.0, "drive_train": [0, 0, 1, 1], "hull_poly2": [[-125.0, 120], [125.0, 120], [5.0, 20], [-5.0, 20]], "hull_poly3": [[5.0, 20], [50.0, -10], [50.0, -40], [20.0, -90], [-20.0, -90], [-50.0, -40], [-50.0, -10], [-5.0, 20]], "steering_scalar": 1.0559154308042553, "rear_steering_scalar": 0.0, "brake_scalar": 2.0, "max_speed": 90.0, "hull_poly1": [[-60.0, 130], [60.0, 130], [60.0, 110], [-60.0, 110]], "hull_poly4": [[-50.0, -120], [50.0, -120], [50.0, -90], [-50.0, -90]], "hull_densities": [1.0, 1.0, 1.0, 1.0], "wheel_pos": [[-55, 80], [55, 80], [-55, -82], [55, -82]]}