{"eng_power": 12018.842547091786, "wheel_moment": 1.6, "friction_lim": 400.0, "wheel_rad": 73.0, "wheel_width": 74.0, "drive_train": [0, 0, 1, 1], "hull_poly2": [[-15.0, 120], [15.0, 120], [20.0, 20], [-20.0, 20]], "hull_poly3": [[50.0, 20], [56.0, -10], [24.0, -40], [44.0, -90], [-44.0, -90], [-24.0, -40], [-56.0, -10], [-50.0, 20]], "steering_scalar": 0.35444643894424466, "rear_steering_scalar": 0.0, "brake_scalar": 1.5286321077168514, "max_speed": 124.0, "hull_poly1": [[-56.5, 130], [56.5, 130], [78.0, 110], [-78.0, 110]], "hull_poly4": [[-41.5, -120], [41.5, -120], [11.0, -90], [-11.0, -90]], "hull_densities": [1.0, 1.0, 1.0, 1.0], "wheel_pos": [[-55, 80], [55, 80], [-55, -82], [55, -82]]}