{"initial_reset_timestamp": 1611440936.0391655, "timestamps": [1611440978.5638862, 1611441022.7469282, 1611441053.9683602, 1611441084.2731965, 1611441113.7280078, 1611441145.3284755, 1611441172.5720916, 1611441204.4140036, 1611441248.0271595, 1611441264.9191883, 1611441295.9837403, 1611441327.8570795, 1611441358.5839639, 1611441390.30392, 1611441421.384296, 1611441452.17472, 1611441483.690787, 1611441514.6699047, 1611441545.9792957, 1611441576.5096602, 1611441607.3387346, 1611441637.9163163, 1611441668.2072659, 1611441698.7478628, 1611441729.4873476, 1611441761.3530123, 1611441792.9761043, 1611441833.799223, 1611441864.6547751, 1611441896.1477973, 1611441929.2087445], "episode_lengths": [1000, 1000, 1000, 1000, 1000, 1000, 837, 1000, 1000, 539, 1000, 1000, 1000, 1000, 1000, 1000, 1000, 1000, 1000, 1000, 1000, 1000, 1000, 1000, 1000, 1000, 1000, 1000, 1000, 1000, 1000], "episode_rewards": [472.84768211919123, 233.33333333333584, 107.83132530120537, 48.14814814815208, -41.780821917809014, -10.780669144982253, 280.5638225255902, 433.55704697985817, 96.2025316455736, 19.081355932204616, 1.7543859649123115, -62.83783783783786, 157.52508361204298, 226.92307692308094, 578.4452296819699, 530.6620209059067, 267.5496688741751, 76.92307692307683, 191.80327868852729, 253.79061371840717, 349.324324324323, -41.3919413919422, 691.3669064748035, 328.5714285714207, 269.1860465116287, 60.13071895425103, -2.985074626865089, 98.50187265917774, 458.52842809363665, 345.6140350877121, 14.285714285714155], "episode_types": ["e", "e", "e", "e", "e", "e", "e", "e", "e", "e", "e", "e", "e", "e", "e", "e", "e", "e", "e", "e", "e", "e", "e", "e", "e", "e", "e", "e", "e", "e", "e"]}