{"initial_reset_timestamp": 1611440938.2197194, "timestamps": [1611440982.1987886, 1611441027.1593442, 1611441057.6730154, 1611441087.981313, 1611441118.2129846, 1611441137.2164392, 1611441169.414369, 1611441201.197337, 1611441212.6138918, 1611441245.7148378, 1611441276.5952904, 1611441307.99086, 1611441325.6082532, 1611441356.5650096, 1611441387.4371617, 1611441418.2884376, 1611441449.6913013, 1611441480.9597023, 1611441511.8281934, 1611441542.7913275, 1611441573.2111783, 1611441603.4850147, 1611441633.6339874, 1611441664.052968, 1611441694.046185, 1611441724.4407046, 1611441755.5618508, 1611441796.148654, 1611441827.6540294, 1611441858.1745875, 1611441888.8210216], "episode_lengths": [1000, 1000, 1000, 1000, 1000, 627, 1000, 1000, 254, 1000, 1000, 1000, 564, 1000, 1000, 1000, 1000, 1000, 1000, 1000, 1000, 1000, 1000, 1000, 1000, 1000, 1000, 1000, 1000, 1000, 1000], "episode_rewards": [296.0396039603876, -62.585034013606226, 7.266435986158186, 276.5432098765364, 145.79124579124831, 240.97142857142444, 320.07434944237605, -13.35740072202215, -62.00886075949396, -56.92307692307748, 205.19480519481036, -65.75342465753485, -54.02727272727257, 90.66147859922465, -15.032679738562578, 137.41007194245097, 107.66773162939636, 22.186495176850208, -24.657534246576095, -40.140845070422834, 61.71617161716511, 12.280701754386808, -1.8987341772147464, 185.26645768025574, 4.026845637582724, 117.24137931034551, 2.8368794326229807, 32.352941176473344, 42.39482200647122, 533.3333333333225, 41.81818181818252], "episode_types": ["e", "e", "e", "e", "e", "e", "e", "e", "e", "e", "e", "e", "e", "e", "e", "e", "e", "e", "e", "e", "e", "e", "e", "e", "e", "e", "e", "e", "e", "e", "e"]}