{"initial_reset_timestamp": 1612011346.5424683, "timestamps": [1612011397.6860998, 1612011447.7577796, 1612011481.923074, 1612011516.806081, 1612011551.8243809, 1612011587.0755424, 1612011623.7186854, 1612011661.3780634, 1612011711.8046138, 1612011747.5612795, 1612011783.129257, 1612011818.3200965, 1612011854.368858, 1612011889.2531722, 1612011924.7790399, 1612011960.2626204, 1612011995.526732, 1612012031.4702606, 1612012068.501133, 1612012103.5970862, 1612012139.3567524, 1612012174.9698715, 1612012209.8590953, 1612012245.4899487, 1612012281.4614635, 1612012318.9556723, 1612012356.7628384, 1612012402.6927202, 1612012413.283985, 1612012449.4781098, 1612012488.8654728], "episode_lengths": [1000, 1000, 1000, 1000, 1000, 1000, 1000, 1000, 1000, 1000, 1000, 1000, 1000, 1000, 1000, 1000, 1000, 1000, 1000, 1000, 1000, 1000, 1000, 1000, 1000, 1000, 1000, 1000, 297, 1000, 1000], "episode_rewards": [786.5248226950212, -37.282229965157484, 42.36111111111396, -49.32432432432514, 136.59305993691342, 9.756097560974466, -27.835051546391774, -63.23529411764775, -70.96774193548413, 526.1682242990562, -26.315789473684625, 86.44067796610474, -52.86195286195341, 85.56701030928352, 27.737226277374894, -45.945945945946576, -2.7777777777780357, 84.78260869565582, 240.23668639053702, -2.439024390244736, 375.6097560975573, 204.635761589407, 583.2740213522998, 593.1407942238159, -83.10810810810761, 550.3067484662487, 228.81355932203715, 153.67647058823619, -48.79191919191895, 30.597014925371894, 404.531722054366], "episode_types": ["e", "e", "e", "e", "e", "e", "e", "e", "e", "e", "e", "e", "e", "e", "e", "e", "e", "e", "e", "e", "e", "e", "e", "e", "e", "e", "e", "e", "e", "e", "e"]}