{"initial_reset_timestamp": 1611785316.425132, "timestamps": [1611785423.1972675, 1611785771.073109, 1611786155.9865394, 1611786535.2885532, 1611786915.6051137, 1611787295.5842314, 1611787678.0878663, 1611788060.2461588, 1611788373.5229268, 1611788758.6999154, 1611788967.7493966, 1611789348.5975778, 1611789728.802707, 1611790111.2006598, 1611790212.9770937, 1611790595.6321433, 1611790979.6670518, 1611791362.519034, 1611791744.0020823, 1611792126.1703358, 1611792437.1338756, 1611792818.8954196, 1611793201.5699458, 1611793584.2421155, 1611793966.9273489, 1611794076.8772464, 1611794460.9238098, 1611794855.0339346, 1611795240.3485756, 1611795630.311316, 1611796022.5127678, 1611796407.7051175, 1611796604.377776, 1611796989.6416144, 1611797371.8754275, 1611797567.6348035, 1611797954.006139, 1611798340.6073668, 1611798728.1805954, 1611799115.7505472, 1611799503.2860665, 1611800021.95089, 1611800717.153953, 1611801155.5640018, 1611801609.3268278, 1611802317.0175357, 1611802576.9606137, 1611803280.6646411, 1611803779.9350674, 1611804161.678105, 1611804542.6015356, 1611804808.3916025, 1611805003.3219645, 1611805390.676736, 1611806090.6707757, 1611806791.679851, 1611807490.020506, 1611808192.8252861, 1611808852.3810244, 1611809230.7056477, 1611809606.69046, 1611809983.292553, 1611810359.248912, 1611810737.8645012, 1611811125.956699, 1611811505.8215709, 1611811885.9913564, 1611812265.2441862, 1611812649.969657, 1611813036.9615653, 1611813429.666085, 1611813814.6135802, 1611814007.8416505, 1611814385.789239, 1611814763.2784584, 1611815141.829612, 1611815519.8383222, 1611815897.4042695, 1611816275.8632967, 1611816653.2460203, 1611817030.4366026, 1611817407.2967808, 1611817637.821964, 1611817991.2888374, 1611818368.9614286, 1611818745.45423, 1611819122.7422743, 1611819500.133378, 1611819876.786556, 1611820253.856726, 1611820631.7923753, 1611821008.814379, 1611821249.3242474, 1611821628.0148308, 1611822005.5223475, 1611822382.433692, 1611822760.4980345, 1611823138.015848, 1611823399.9360294, 1611823776.2357512, 1611824154.3211615, 1611824530.1139538, 1611824907.2683563, 1611825284.8248563, 1611825661.5825186, 1611826037.8567884, 1611826415.4840276, 1611826793.922833, 1611827172.3051345, 1611827549.8494253, 1611827804.011137, 1611828180.8809757, 1611828557.5967307, 1611828935.5855808, 1611829311.8765519, 1611829689.3665879, 1611830067.433539, 1611830445.952828, 1611830823.6221645, 1611831201.4134846, 1611831580.1205473, 1611831958.8568895, 1611832337.8658433, 1611832430.9098618, 1611832816.1326168, 1611833014.8379304, 1611833391.506266, 1611833538.721163, 1611833916.3671396, 1611834294.9563081, 1611834674.2222402, 1611835052.797287, 1611835431.9709384, 1611835640.48006, 1611836020.277508, 1611836398.3327532, 1611836778.9791129, 1611837156.2777684, 1611837334.6062114, 1611837712.9022307, 1611837829.578395, 1611838206.575172, 1611838586.324522, 1611838964.8582897, 1611839342.8260908, 1611839719.2013562, 1611840097.3827407, 1611840275.7608824, 1611840661.2604573, 1611841039.4978461, 1611841418.499955, 1611841797.093299, 1611842173.5114782, 1611842365.9555485, 1611842574.209281, 1611842913.7402995, 1611843291.5790477, 1611843468.4023595, 1611843846.48441, 1611844224.1824088, 1611844602.505785, 1611844826.1778893, 1611845204.4415307, 1611845581.7544959, 1611845959.5720947, 1611846337.4735322, 1611846714.3780391, 1611846907.3453147, 1611847284.9537818, 1611847663.6446543, 1611848040.184708, 1611848416.789288, 1611848601.3671024, 1611848978.4859803, 1611849311.0897422, 1611849689.7452283, 1611850069.908016, 1611850447.6871965, 1611850832.301981, 1611850997.1806028, 1611851386.3663177, 1611851774.2058916, 1611852154.1133604, 1611852534.0808299, 1611852913.7665915, 1611853306.0642035, 1611853703.203787, 1611854102.0724149, 1611854501.3794398, 1611854902.255324, 1611855301.934379, 1611855520.9266617, 1611855917.398541, 1611856311.8552907, 1611856707.5984821, 1611857105.1467807, 1611857489.8117993, 1611857873.9607248, 1611858255.7839537, 1611858636.927162, 1611859020.1489222, 1611859402.6927385, 1611859615.6082752, 1611859997.1560009, 1611860377.7500901, 1611860759.416688, 1611861139.5747561, 1611861518.5898035, 1611861904.7558908, 1611862291.5949862, 1611862681.7015505, 1611863073.675852, 1611863466.1659646, 1611863850.14914, 1611864228.836673, 1611864608.074826, 1611864833.4183865, 1611865218.5910578, 1611865603.0302887, 1611865978.457146, 1611866361.219292, 1611866744.94885, 1611867126.4474223, 1611867510.1118689, 1611867901.614871, 1611868309.3029418, 1611868721.0379128, 1611869136.3368983, 1611869553.9034996, 1611869975.8035123, 1611870394.6185148, 1611870567.7604547, 1611870968.510117, 1611871367.3498917, 1611871765.4399652, 1611872162.9282217, 1611872559.0260954, 1611872953.3013132, 1611873348.118958, 1611873744.1039183, 1611874141.2690334, 1611874537.9264724, 1611874933.613983, 1611875329.2870135, 1611875588.5043144, 1611875984.657148, 1611876380.5388613, 1611876782.4467337, 1611877193.7659457, 1611877609.581662], "episode_lengths": [271, 874, 1000, 1000, 1000, 1000, 1000, 1000, 785, 1000, 542, 1000, 1000, 1000, 267, 1000, 1000, 1000, 1000, 1000, 803, 1000, 1000, 1000, 1000, 295, 1000, 1000, 1000, 1000, 1000, 1000, 511, 1000, 1000, 514, 1000, 1000, 1000, 1000, 1000, 1000, 1000, 628, 657, 1000, 365, 1000, 1000, 1000, 1000, 691, 505, 567, 1000, 1000, 1000, 1000, 1000, 1000, 1000, 1000, 1000, 1000, 1000, 1000, 1000, 1000, 1000, 1000, 1000, 1000, 507, 1000, 1000, 1000, 1000, 1000, 1000, 1000, 1000, 1000, 610, 927, 1000, 1000, 1000, 1000, 1000, 1000, 1000, 1000, 628, 1000, 1000, 1000, 1000, 1000, 693, 1000, 1000, 1000, 1000, 1000, 1000, 1000, 1000, 1000, 1000, 1000, 675, 1000, 1000, 1000, 1000, 1000, 1000, 1000, 1000, 1000, 1000, 1000, 1000, 261, 1000, 510, 1000, 388, 1000, 1000, 1000, 1000, 1000, 549, 1000, 1000, 1000, 1000, 471, 1000, 314, 1000, 1000, 1000, 1000, 1000, 1000, 481, 1000, 1000, 1000, 1000, 1000, 510, 555, 890, 1000, 464, 1000, 1000, 1000, 595, 1000, 1000, 1000, 1000, 1000, 504, 1000, 1000, 1000, 1000, 483, 1000, 880, 1000, 1000, 1000, 1000, 429, 1000, 1000, 1000, 1000, 1000, 1000, 1000, 1000, 1000, 1000, 1000, 557, 1000, 1000, 1000, 1000, 1000, 1000, 1000, 1000, 1000, 1000, 545, 1000, 1000, 1000, 1000, 1000, 1000, 1000, 1000, 1000, 1000, 1000, 1000, 1000, 562, 1000, 1000, 967, 1000, 1000, 1000, 1000, 1000, 1000, 1000, 1000, 1000, 1000, 1000, 428, 1000, 1000, 1000, 1000, 1000, 1000, 1000, 1000, 1000, 1000, 1000, 1000, 659, 1000, 1000, 1000, 1000, 1000],