{"initial_reset_timestamp": 1612011344.3996692, "timestamps": [1612011395.609707, 1612011444.893462, 1612011479.476044, 1612011514.223904, 1612011526.732303, 1612011561.2759643, 1612011598.2695374, 1612011635.4908278, 1612011686.115988, 1612011724.3035393, 1612011759.7978787, 1612011795.5774922, 1612011831.22812, 1612011865.1917562, 1612011900.373245, 1612011910.157092, 1612011945.1211, 1612011980.0295215, 1612012015.9285645, 1612012052.105068, 1612012087.5917075, 1612012123.3467638, 1612012159.1109602, 1612012194.3678348, 1612012229.841939, 1612012265.5205736, 1612012301.5996215, 1612012350.7278059, 1612012385.8717027, 1612012421.3017912, 1612012457.6871505], "episode_lengths": [1000, 1000, 1000, 1000, 369, 1000, 1000, 1000, 1000, 1000, 1000, 1000, 1000, 1000, 1000, 267, 1000, 1000, 1000, 1000, 1000, 1000, 1000, 1000, 1000, 1000, 1000, 1000, 1000, 1000, 1000], "episode_rewards": [521.9931271477517, 188.25622775801108, -55.78231292517088, 9.374999999998783, 104.81073825503472, 415.02145922746075, -36.507936507936925, -42.4920127795531, -71.06109324758873, -62.26415094339675, 253.31230283912066, 322.95081967212934, 75.18248175182877, 11.498257839720349, 84.2105263157942, -61.78518518518549, 495.4198473282372, 80.72289156626678, 435.4609929077907, -77.49196141479094, -2.4390243902449207, 629.629629629616, 138.09523809524157, 56.24999999999908, 109.79020979021354, 26.15384615384494, 296.94656488549396, 444.7470817120545, 454.6558704453379, 280.32786885246037, 2.473498233215752], "episode_types": ["e", "e", "e", "e", "e", "e", "e", "e", "e", "e", "e", "e", "e", "e", "e", "e", "e", "e", "e", "e", "e", "e", "e", "e", "e", "e", "e", "e", "e", "e", "e"]}