{"initial_reset_timestamp": 1611382516.6167579, "timestamps": [1611382541.0893157], "episode_lengths": [1000], "episode_rewards": [443.47826086955143], "episode_types": ["e"]}