{"initial_reset_timestamp": 1611384035.169259, "timestamps": [1611384059.408351, 1611384302.1526902, 1611384319.102596, 1611384336.3507197, 1611384353.2740738, 1611384370.1150475, 1611384387.008884, 1611384403.9157522, 1611384428.0175061, 1611384445.042447, 1611384461.9081612, 1611384479.1650653, 1611384493.159114, 1611384510.1534512, 1611384527.190717, 1611384544.3406284, 1611384561.5433745, 1611384569.0241303, 1611384578.457061, 1611384595.6076639, 1611384613.2418845], "episode_lengths": [1000, 1000, 1000, 1000, 1000, 1000, 1000, 1000, 1000, 1000, 1000, 1000, 800, 1000, 1000, 1000, 1000, 423, 541, 1000, 1000], "episode_rewards": [253.5714285714253, -78.72340425531891, 106.55737704918144, -1.4598540145989063, 612.8378378378239, 20.40133779264292, 237.7926421404726, 271.4285714285678, 482.7586206896453, 2.236421725239419, 127.27272727273163, 77.41935483871102, -17.56233766233636, -26.421404682274297, 502.0408163265164, 191.80327868852658, 378.4053156146148, -76.57500000000051, 9.424124513620256, 341.69611307419837, 109.52380952380908], "episode_types": ["e", "e", "e", "e", "e", "e", "e", "e", "e", "e", "e", "e", "e", "e", "e", "e", "e", "e", "e", "e", "e"]}