{"initial_reset_timestamp": 1611785261.197807, "timestamps": [1611785647.7018056, 1611786041.5848515, 1611786420.1841674, 1611786800.8499572, 1611787181.473311, 1611787565.0853693, 1611787946.8774908, 1611788331.704066, 1611788725.1419277, 1611789107.1934896, 1611789488.0139322, 1611789869.3183892, 1611790252.876141, 1611790634.9437473, 1611791017.448776, 1611791397.7034652, 1611791780.2666416, 1611792162.613686, 1611792543.3995502, 1611792926.137126, 1611793308.707017, 1611793690.7942846, 1611794074.3852208, 1611794456.1086118, 1611794840.441533, 1611795226.6901972, 1611795615.2110603, 1611796017.4067667, 1611796402.388447, 1611796789.502937, 1611797173.2761137, 1611797553.8219447, 1611797940.1903036, 1611798324.9353433, 1611798713.9452682, 1611799101.0644617, 1611799490.0299225, 1611799999.5212173, 1611800696.014392, 1611801389.6825702, 1611802098.2966757, 1611802800.8222005, 1611803499.5216234, 1611803900.0019755, 1611804284.1069238, 1611804667.4807594, 1611805076.8531725, 1611805777.93339, 1611806479.1536136, 1611807179.783462, 1611807880.7475965, 1611808570.7097287, 1611809058.8855658, 1611809436.189066, 1611809814.154533, 1611810191.7450857, 1611810571.1858578, 1611810949.0959713, 1611811329.4450893, 1611811710.5945632, 1611812087.9654493, 1611812472.9808357, 1611812856.9989283, 1611813247.2170708, 1611813646.9012187, 1611814025.1480103, 1611814405.1603558, 1611814782.8417218, 1611815160.8158736, 1611815539.059645, 1611815916.1929333, 1611816294.168582, 1611816672.0833962, 1611817049.110756, 1611817427.4984035, 1611817804.5548136, 1611818181.9774342, 1611818559.71909, 1611818937.4035323, 1611819313.8259401, 1611819691.7086668, 1611820069.3833365, 1611820448.1170177, 1611820826.0874202, 1611821205.1571376, 1611821583.3312418, 1611821960.7775667, 1611822337.9724753, 1611822714.9008915, 1611823092.599649, 1611823470.2525325, 1611823848.569325, 1611824225.984843, 1611824603.7093787, 1611824982.2782278, 1611825360.9644465, 1611825739.1885757, 1611826115.66456, 1611826492.6834583, 1611826870.5108202, 1611827248.5612395, 1611827625.8368258, 1611828004.5657754, 1611828383.0407827, 1611828760.1052835, 1611829136.2995203, 1611829514.4140089, 1611829891.1216288, 1611830269.7742422, 1611830647.7261763, 1611831026.739567, 1611831406.1347308, 1611831785.408363, 1611832164.26684, 1611832542.388865, 1611832921.6934958, 1611833299.8664832, 1611833678.111645, 1611834057.4904053, 1611834435.944382, 1611834813.7568357, 1611835190.0185978, 1611835569.5082936, 1611835949.8733017, 1611836330.8645902, 1611836719.2256322, 1611837097.4082983, 1611837478.2171273, 1611837856.7076976, 1611838233.6013727, 1611838612.3950887, 1611838990.8048606, 1611839369.1929214, 1611839746.682486, 1611840124.8823562, 1611840503.0937529, 1611840881.2092807, 1611841258.875667, 1611841636.9160752, 1611842015.9258988, 1611842394.1498184, 1611842770.7529101, 1611843148.1578047, 1611843524.8333926, 1611843901.3655355, 1611844279.5549593, 1611844657.6123703, 1611845035.4776623, 1611845413.3098032, 1611845790.8929863, 1611846170.287247, 1611846547.9942691, 1611846925.0362294, 1611847303.6858256, 1611847681.365613, 1611848059.9286382, 1611848438.1712523, 1611848816.2570608, 1611849195.5751731, 1611849573.5119958, 1611849952.1958983, 1611850329.9642546, 1611850713.28339, 1611851097.376744, 1611851486.8307233, 1611851871.477701, 1611852252.6573894, 1611852632.141447, 1611853014.5007806, 1611853412.194605, 1611853811.219067, 1611854210.4333053, 1611854610.2060184, 1611855010.0048683, 1611855409.3504002, 1611855810.720514, 1611856205.597419, 1611856599.9654272, 1611856995.9835908, 1611857387.3553936, 1611857771.4936895, 1611858152.3012152, 1611858531.7521918, 1611858913.6923778, 1611859296.6202588, 1611859683.2783937, 1611860064.5774903, 1611860444.8800097, 1611860824.0935128, 1611861204.3740072, 1611861585.8525593, 1611861971.5362585, 1611862361.5862033, 1611862751.589161, 1611863142.9984207, 1611863536.6287322, 1611863921.552482, 1611864301.0498955, 1611864682.991329, 1611865068.5342753, 1611865453.2028127, 1611865836.6228914, 1611866220.4795682, 1611866602.444558, 1611866985.6594703, 1611867368.0341268, 1611867753.6697958, 1611868160.8888159, 1611868570.7723444, 1611868986.1950605, 1611869402.6537902, 1611869819.1947477, 1611870241.0474098, 1611870648.5687792, 1611871050.9394326, 1611871447.9157913, 1611871855.0469806, 1611872252.3730156, 1611872649.7210941, 1611873047.1940787, 1611873445.446981, 1611873842.6801565, 1611874240.6484087, 1611874637.4285738, 1611875034.9744565, 1611875431.6631985, 1611875828.2758846, 1611876226.657306, 1611876623.4920928, 1611877032.7260053, 1611877443.0198598, 1611877881.53016, 1611878331.3329766, 1611878779.1156282, 1611879209.0795097, 1611879621.613653, 1611880018.3756719, 1611880357.8602102, 1611880701.521888, 1611881047.3416731, 1611881398.9711983, 1611881747.2134957, 1611882079.5289526, 1611882389.8707192, 1611882700.419943, 1611883023.9738026, 1611883339.8907669, 1611883681.7918994, 1611884036.5540779, 1611884404.9380994], "episode_lengths": [1000, 1000, 1000, 1000, 1000, 1000, 1000, 1000, 1000, 1000, 1000, 1000, 1000, 1000, 1000, 1000, 1000, 1000, 1000, 1000, 1000, 1000, 1000, 1000, 1000, 1000, 1000, 1000, 1000, 1000, 1000, 1000, 1000, 1000, 1000, 1000, 1000, 1000, 1000, 1000, 1000, 1000, 1000, 1000, 1000, 1000, 1000, 1000, 1000, 1000, 1000, 1000, 1000, 1000, 1000, 1000, 1000, 1000, 1000, 1000, 1000, 1000, 1000, 1000, 1000, 1000, 1000, 1000, 1000, 1000, 1000, 1000, 1000, 1000, 1000, 1000, 1000, 1000, 1000, 1000, 1000, 1000, 1000, 1000, 1000, 1000, 1000, 1000, 1000, 1000, 1000, 1000, 1000, 1000, 1000, 1000, 1000, 1000, 1000, 1000, 1000, 1000, 1000, 1000, 1000, 1000, 1000, 1000, 1000, 1000, 1000, 1000, 1000, 1000, 1000, 1000, 1000, 1000, 1000, 1000, 1000, 1000, 1000, 1000, 1000, 1000, 1000, 1000, 1000, 1000, 1000, 1000, 1000, 1000, 1000, 1000, 1000, 1000, 1000, 1000, 1000, 1000, 1000, 1000, 1000, 1000, 1000, 1000, 1000, 1000, 1000, 1000, 1000, 1000, 1000, 1000, 1000, 1000, 1000, 1000, 1000, 1000, 1000, 1000, 1000, 1000, 1000, 1000, 1000, 1000, 1000, 1000, 1000, 1000, 1000, 1000, 1000, 1000, 1000, 1000, 1000, 1000, 1000, 1000, 1000, 1000, 1000, 1000, 1000, 1000, 1000, 1000, 1000, 1000, 1000, 1000, 1000, 1000, 1000, 1000, 1000, 1000, 1000, 1000, 1000, 1000, 1000, 1000, 1000, 1000, 1000, 1000, 1000, 1000, 1000, 1000, 1000, 1000, 1000, 1000, 1000, 1000, 1000, 1000, 1000, 1000, 1000, 1000, 1000, 1000, 1000, 1000, 1000, 1000, 1000, 1000, 1000, 1000, 1000, 1000, 1000, 1000, 1000, 1000, 1000, 1000, 1000, 1000, 1000, 1000],