{"initial_reset_timestamp": 1611785263.4372928, "timestamps": [1611785649.7160993, 1611786043.7414887, 1611786421.8309455, 1611786801.1690378, 1611787181.5977228, 1611787562.5164125, 1611787945.6992679, 1611788330.1214805, 1611788723.0721154, 1611789105.0493658, 1611789485.3730505, 1611789865.7565176, 1611790248.4784021, 1611790567.8800063, 1611790951.7007124, 1611791332.3060837, 1611791713.811995, 1611792095.4554949, 1611792476.7538245, 1611792856.9103334, 1611793238.253209, 1611793402.380569, 1611793785.2579458, 1611794167.169353, 1611794549.0935824, 1611794933.4383278, 1611795317.632925, 1611795716.677152, 1611796105.0483239, 1611796492.5444758, 1611796877.5650318, 1611797025.409164, 1611797368.5306718, 1611797663.395494, 1611798049.1924403, 1611798433.9657648, 1611798821.8736954, 1611799207.6398008, 1611799594.244656, 1611800183.3587863, 1611800878.8363266, 1611801575.6347928, 1611802280.0417132, 1611802452.102491, 1611803152.972618, 1611803708.9175944, 1611804092.0428138, 1611804475.2648811, 1611804858.4488153, 1611805425.1130545, 1611806123.4577901, 1611806821.3451698, 1611807518.2352123, 1611808216.5381029, 1611808864.4843724, 1611809242.2760518, 1611809410.7982087, 1611809787.2109897, 1611810164.790906, 1611810541.3271365, 1611810919.5938928, 1611811298.3862705, 1611811679.7670028, 1611812056.9794042, 1611812448.3752215, 1611812831.5000126, 1611813223.18951, 1611813613.4632723, 1611813991.7275443, 1611814369.2197273, 1611814747.5456948, 1611815124.7535467, 1611815501.7088368, 1611815880.512715, 1611816257.5275285, 1611816634.145382, 1611817010.0593607, 1611817386.3057861, 1611817762.675663, 1611818140.3299725, 1611818516.7259102, 1611818893.2005317, 1611819271.8741977, 1611819648.8891916, 1611820026.0083086, 1611820403.3018596, 1611820780.529789, 1611821157.4147093, 1611821534.8566678, 1611821912.2730873, 1611822288.975637, 1611822665.7349875, 1611823042.6104965, 1611823419.8699923, 1611823796.081409, 1611824174.7177696, 1611824551.704839, 1611824928.4105675, 1611825306.1236362, 1611825682.6319861, 1611826058.8544738, 1611826436.2710302, 1611826812.8940997, 1611827189.4467413, 1611827564.9527948, 1611827941.0111687, 1611828319.4716787, 1611828695.7129107, 1611829073.3287716, 1611829451.8475041, 1611829830.0137858, 1611830207.5659177, 1611830585.999228, 1611830832.232944, 1611831208.9929955, 1611831584.807619, 1611831962.8039186, 1611832340.8615427, 1611832718.2573075, 1611833094.8915133, 1611833471.2689836, 1611833850.1870139, 1611834227.2752123, 1611834604.6521647, 1611834983.1100154, 1611835369.9770517, 1611835748.4532304, 1611836128.745366, 1611836508.5189629, 1611836886.6216722, 1611837002.1456234, 1611837381.596024, 1611837760.5859306, 1611838138.843232, 1611838515.1913738, 1611838891.239847, 1611839269.2282476, 1611839646.3689506, 1611840024.3706956, 1611840401.8092606, 1611840779.5910187, 1611841157.6703818, 1611841534.9317799, 1611841911.4381738, 1611842288.6263306, 1611842667.0365567, 1611843044.152338, 1611843421.3962994, 1611843799.2452195, 1611844176.377933, 1611844554.4143608, 1611844931.0915973, 1611845308.6277187, 1611845684.9784622, 1611846062.6879826, 1611846440.6325414, 1611846818.2300858, 1611847195.464603, 1611847574.1045578, 1611847953.029921, 1611848330.6418025, 1611848707.293177, 1611849084.5556703, 1611849462.9786594, 1611849841.3111827, 1611850218.7015462, 1611850599.5650327, 1611850981.1195006, 1611851369.8566694, 1611851757.3659647, 1611852137.3455665, 1611852516.9890838, 1611852897.2011518, 1611853289.659894, 1611853690.2990606, 1611854087.2959328, 1611854486.2958744, 1611854884.393646, 1611855282.4992204, 1611855681.4307895, 1611856076.4345436, 1611856469.9710162, 1611856864.5180223, 1611857260.71432, 1611857643.3035326, 1611858026.0550144, 1611858405.8321073, 1611858785.97398, 1611859169.577856, 1611859552.5337892, 1611859935.581598, 1611860317.3319507, 1611860697.0316052, 1611861076.2814448, 1611861455.8943903, 1611861842.2054548, 1611862226.6135051, 1611862616.2158027, 1611863007.3744733, 1611863398.769512, 1611863788.539862, 1611864168.322397, 1611864548.6027641, 1611864931.7259626, 1611865314.0128012, 1611865699.0676847, 1611866083.258304, 1611866465.0784059, 1611866848.9168198, 1611867232.9636877, 1611867615.2528276, 1611868013.3068526, 1611868423.1150646, 1611868836.1214504, 1611869254.193769, 1611869672.2816637, 1611870102.4294934, 1611870512.628593, 1611870912.9219437, 1611871312.579899, 1611871710.1210968, 1611872106.9396355, 1611872503.543317, 1611872899.4600816, 1611873271.268317, 1611873668.5313344, 1611874064.2759197, 1611874461.3967836, 1611874858.7595732, 1611875254.5111506, 1611875650.7090113, 1611876046.4552464, 1611876441.0745237, 1611876842.5095165, 1611877253.4796422, 1611877674.0089233, 1611878123.513911, 1611878570.9966495, 1611879013.9331777, 1611879423.638187, 1611879834.3092017, 1611880192.5545688, 1611880534.173007, 1611880879.7000809, 1611881227.420623, 1611881582.9547193, 1611881917.4587486, 1611882236.1465142, 1611882544.6125317, 1611882859.8774385], "episode_lengths": [1000, 1000, 1000, 1000, 1000, 1000, 1000, 1000, 1000, 1000, 1000, 1000, 1000, 837, 1000, 1000, 1000, 1000, 1000, 1000, 1000, 433, 1000, 1000, 984, 1000, 1000, 1000, 1000, 1000, 1000, 392, 891, 771, 1000, 1000, 1000, 1000, 1000, 1000, 1000, 1000, 1000, 243, 1000, 1000, 1000, 1000, 1000, 1000, 1000, 1000, 1000, 1000, 1000, 1000, 460, 1000, 1000, 1000, 1000, 1000, 1000, 1000, 1000, 1000, 1000, 1000, 1000, 1000, 1000, 1000, 1000, 1000, 1000, 1000, 1000, 1000, 1000, 1000, 1000, 1000, 1000, 1000, 1000, 1000, 1000, 1000, 1000, 1000, 1000, 1000, 1000, 1000, 1000, 1000, 1000, 1000, 1000, 1000, 1000, 1000, 1000, 1000, 1000, 1000, 1000, 1000, 1000, 1000, 1000, 1000, 1000, 651, 1000, 1000, 1000, 1000, 1000, 1000, 1000, 1000, 1000, 1000, 1000, 1000, 1000, 1000, 1000, 1000, 303, 1000, 1000, 1000, 1000, 1000, 1000, 1000, 1000, 1000, 1000, 1000, 1000, 1000, 1000, 1000, 1000, 1000, 1000, 1000, 1000, 1000, 1000, 1000, 1000, 1000, 1000, 1000, 1000, 1000, 1000, 1000, 1000, 1000, 1000, 1000, 1000, 1000, 1000, 1000, 1000, 1000, 1000, 1000, 1000, 1000, 1000, 1000, 1000, 1000, 1000, 1000, 1000, 1000, 1000, 1000, 1000, 1000, 1000, 1000, 1000, 1000, 1000, 1000, 1000, 1000, 1000, 1000, 1000, 1000, 1000, 1000, 1000, 1000, 1000, 1000, 1000, 1000, 1000, 1000, 1000, 1000, 1000, 1000, 1000, 1000, 1000, 1000, 1000, 1000, 1000, 1000, 1000, 1000, 928, 1000, 1000, 1000, 1000, 1000, 1000, 1000, 1000, 1000, 1000, 1000, 1000, 1000, 1000, 1000, 1000, 1000, 984, 1000, 1000, 1000, 1000, 1000, 1000, 1000],