{"initial_reset_timestamp": 1611940891.429753, "timestamps": [1611940942.6811628, 1611940995.3647006, 1611941030.9596045, 1611941066.2527804, 1611941102.1749234, 1611941138.1725178, 1611941175.9479918, 1611941213.005804, 1611941264.4269557, 1611941299.9997654, 1611941336.1956203, 1611941371.5573845, 1611941406.9614823, 1611941442.2805824, 1611941458.838852, 1611941495.1848302, 1611941531.834713, 1611941569.0963328, 1611941604.9011993, 1611941641.1538308, 1611941677.6957798, 1611941714.0618212, 1611941750.7375147, 1611941787.4880197, 1611941823.5114808, 1611941859.9768145, 1611941898.3258462, 1611941950.640374, 1611941987.0883489, 1611942019.5648155, 1611942045.8973103], "episode_lengths": [1000, 1000, 1000, 1000, 1000, 1000, 1000, 1000, 1000, 1000, 1000, 1000, 1000, 1000, 458, 1000, 1000, 1000, 1000, 1000, 1000, 1000, 1000, 1000, 1000, 1000, 1000, 1000, 1000, 1000, 1000], "episode_rewards": [557.8947368420888, -27.868852459016583, 52.38095238095159, -3.225806451612023, -44.11764705882378, -45.52529182879424, 50.17064846416681, 178.1456953642435, -16.398713826367338, 175.73529411765142, 225.17482517482887, 153.5714285714329, 328.0442804428037, 273.1343283582104, -65.85209125475325, -79.02097902097876, -18.750000000000696, -68.99224806201582, 221.79930795848108, -75.17730496453895, 51.81518151815092, 80.37974683544344, -87.46081504702123, 427.7777777777692, 12.956810631228596, 382.7586206896422, -13.946587537092322, -58.06451612903293, 170.46263345196212, 210.2189781021939, -56.20437956204456], "episode_types": ["e", "e", "e", "e", "e", "e", "e", "e", "e", "e", "e", "e", "e", "e", "e", "e", "e", "e", "e", "e", "e", "e", "e", "e", "e", "e", "e", "e", "e", "e", "e"]}