{"initial_reset_timestamp": 1611940891.4429386, "timestamps": [1611940942.5723383, 1611940995.0743947, 1611941029.8432834, 1611941065.8550806, 1611941101.4987893, 1611941137.178318, 1611941174.6637285, 1611941212.218222, 1611941265.557198, 1611941301.4703765, 1611941337.6308277, 1611941373.525464, 1611941408.8151932, 1611941445.201859, 1611941481.4763935, 1611941517.5819528, 1611941553.919285, 1611941590.4887798, 1611941626.005055, 1611941662.1891582, 1611941698.358081, 1611941734.5339367, 1611941770.645874, 1611941806.6728957, 1611941842.7524862, 1611941879.178696, 1611941917.0911546, 1611941965.974355, 1611942000.8604393, 1611942031.1555855, 1611942053.6543074], "episode_lengths": [1000, 1000, 1000, 1000, 1000, 1000, 1000, 1000, 1000, 1000, 1000, 1000, 990, 1000, 1000, 1000, 1000, 1000, 1000, 1000, 1000, 1000, 1000, 1000, 1000, 1000, 1000, 1000, 1000, 1000, 1000], "episode_rewards": [149.18032786885234, -52.380952380952714, -26.739926739927487, -16.39871382636675, 61.29032258064473, -37.29372937293778, -22.807017543859693, -70.96774193548406, -15.857605177994238, -60.132890365449285, -40.55944055944134, 342.3791821561307, 900.9999999999881, 112.62458471761164, -28.571428571428992, 191.02167182662953, -36.842105263158196, 245.6375838926197, 295.90443686006745, 289.40809968847503, 269.5652173912975, 450.59523809523085, 341.281138790033, 95.28619528620062, 688.9273356401285, 100.00000000000196, 180.5755395683499, 201.1152416356922, 250.39370078740603, 599.9999999999901, 439.0070921985722], "episode_types": ["e", "e", "e", "e", "e", "e", "e", "e", "e", "e", "e", "e", "e", "e", "e", "e", "e", "e", "e", "e", "e", "e", "e", "e", "e", "e", "e", "e", "e", "e", "e"]}