{"initial_reset_timestamp": 1612011344.4105468, "timestamps": [1612011395.6065364, 1612011445.4224975, 1612011480.3062265, 1612011515.0568426, 1612011524.1149569, 1612011559.9210424, 1612011597.4476938, 1612011633.429631, 1612011681.5941896, 1612011719.2264934, 1612011729.774836, 1612011765.1960957, 1612011800.657647, 1612011837.0621994, 1612011872.2033136, 1612011906.9743638, 1612011937.0941417, 1612011972.6135542, 1612012008.7751288, 1612012044.3838036, 1612012080.8221312, 1612012116.505044, 1612012152.4788058, 1612012187.4057267, 1612012222.6855175, 1612012258.1690612, 1612012294.196469, 1612012344.3694391, 1612012380.2694175, 1612012416.0072854, 1612012452.1019797], "episode_lengths": [1000, 1000, 1000, 1000, 259, 1000, 1000, 1000, 1000, 1000, 291, 1000, 1000, 1000, 1000, 1000, 843, 1000, 1000, 1000, 1000, 1000, 1000, 1000, 1000, 1000, 1000, 1000, 1000, 1000, 1000], "episode_rewards": [149.11032028470257, 65.97510373444332, -11.1842105263166, -39.39393939394021, 11.186301369863884, 305.40540540540576, 10.447761194030198, -21.641791044776834, 41.22137404580095, 55.063291139239524, 23.54237288135718, -37.50000000000082, -34.10852713178374, 438.7205387205283, 299.9999999999917, -25.795053003533557, -33.59759036144135, 43.75000000000225, 78.68338557993988, 31.48788927335832, 54.88215488215954, 278.00687285222415, 209.90415335463362, 595.7928802588827, -31.596091205212527, 645.1737451737307, 114.76510067114255, 190.62500000000347, 99.28825622776256, 352.6315789473676, 11.510791366907982], "episode_types": ["e", "e", "e", "e", "e", "e", "e", "e", "e", "e", "e", "e", "e", "e", "e", "e", "e", "e", "e", "e", "e", "e", "e", "e", "e", "e", "e", "e", "e", "e", "e"]}