{"initial_reset_timestamp": 1611940893.9827025, "timestamps": [1611940945.799884, 1611940998.26445, 1611941032.6811776, 1611941068.3482716, 1611941103.9826615, 1611941139.842536, 1611941177.0385091, 1611941195.7894084, 1611941247.2838278, 1611941284.2458994, 1611941320.308495, 1611941356.5901222, 1611941392.7252107, 1611941419.6117964, 1611941455.7331727, 1611941470.3921208, 1611941506.6105962, 1611941543.1675546, 1611941578.9876246, 1611941615.3837073, 1611941651.631, 1611941688.0979788, 1611941723.955093, 1611941760.4923954, 1611941796.5406814, 1611941833.014657, 1611941870.423843, 1611941919.41331, 1611941956.8495653, 1611941992.776465, 1611942011.2212455], "episode_lengths": [1000, 1000, 1000, 1000, 1000, 1000, 1000, 514, 1000, 1000, 1000, 1000, 1000, 741, 1000, 389, 1000, 1000, 1000, 1000, 1000, 1000, 1000, 1000, 1000, 1000, 1000, 1000, 1000, 1000, 536], "episode_rewards": [425.6410256410126, 6.109324758841663, 61.971830985920626, 343.29896907216306, -30.232558139535595, -5.59440559440535, 523.3766233766098, -81.61358885017486, 9.374999999998822, -70.1986754966891, 94.4444444444492, 29.251700680272208, 631.8611987381588, -115.3407821229054, 48.55072463768009, -70.3960912052122, 348.39857651244546, -82.69896193771581, 23.18840579710083, -24.342105263158267, 430.4054054053995, 211.89710610932667, -50.70422535211344, 174.4479495268173, -5.063291139241107, 538.095238095225, 286.79245283018753, 694.5205479451888, 1.167315175098341, 37.58389261745088, 136.8225806451635], "episode_types": ["e", "e", "e", "e", "e", "e", "e", "e", "e", "e", "e", "e", "e", "e", "e", "e", "e", "e", "e", "e", "e", "e", "e", "e", "e", "e", "e", "e", "e", "e", "e"]}