{"initial_reset_timestamp": 1612011339.9114268, "timestamps": [1612011389.4359076, 1612011439.6909657, 1612011456.4428866, 1612011472.0950582, 1612011507.1424916, 1612011541.7109578, 1612011570.2659929, 1612011606.6588569, 1612011654.3323026, 1612011693.5546315, 1612011730.4699705, 1612011765.9786916, 1612011801.8675222, 1612011837.5019503, 1612011872.6026058, 1612011907.534922, 1612011926.887397, 1612011962.1872184, 1612011997.7190404, 1612012033.8924098, 1612012070.5290592, 1612012105.5326853, 1612012141.167146, 1612012176.9212193, 1612012212.6082993, 1612012247.4189494, 1612012282.966997, 1612012333.1876595, 1612012369.6553218, 1612012404.947746, 1612012440.302342], "episode_lengths": [1000, 1000, 476, 455, 1000, 1000, 769, 1000, 1000, 1000, 1000, 1000, 1000, 1000, 1000, 1000, 548, 1000, 1000, 1000, 1000, 1000, 1000, 1000, 1000, 1000, 1000, 1000, 1000, 1000, 1000], "episode_rewards": [708.5937499999841, -56.65634674922676, -84.78222996515736, -74.66045016077221, 64.87455197133094, -27.536231884058193, 140.19346405228745, 190.5405405405449, -39.9399399399407, 261.90476190476494, 275.42662116041174, 246.4566929133886, 142.52491694352528, 196.5779467680651, -21.348314606741603, 83.67346938775944, 48.474603174604795, -81.07255520504694, 332.43243243242324, 268.0000000000036, -67.03296703296743, 97.95221843003678, 244.93670886076455, 432.4675324675279, 203.40557275542184, 87.73946360153732, 190.42904290429516, -6.25000000000076, 264.5161290322615, 275.8169934640542, -78.79858657243791], "episode_types": ["e", "e", "e", "e", "e", "e", "e", "e", "e", "e", "e", "e", "e", "e", "e", "e", "e", "e", "e", "e", "e", "e", "e", "e", "e", "e", "e", "e", "e", "e", "e"]}