{"initial_reset_timestamp": 1612011339.9104874, "timestamps": [1612011389.549677, 1612011439.3860934, 1612011474.8727856, 1612011509.7724407, 1612011544.5973814, 1612011580.44389, 1612011616.708256, 1612011654.4951587, 1612011703.6119165, 1612011739.966957, 1612011745.5823295, 1612011780.5193524, 1612011816.2779503, 1612011851.7955582, 1612011886.921986, 1612011919.110194, 1612011953.8919597, 1612011989.0792708, 1612012024.6485293, 1612012060.8915145, 1612012096.6155462, 1612012132.9075813, 1612012168.5505135, 1612012204.2912796, 1612012239.9675922, 1612012276.0538306, 1612012312.5138867, 1612012361.3889441, 1612012396.6067114, 1612012431.5677226, 1612012468.1203718], "episode_lengths": [1000, 1000, 1000, 1000, 1000, 1000, 1000, 1000, 1000, 1000, 151, 1000, 1000, 1000, 1000, 927, 1000, 1000, 1000, 1000, 1000, 1000, 1000, 1000, 1000, 1000, 1000, 1000, 1000, 1000, 1000], "episode_rewards": [232.30769230768416, -17.60299625468247, 230.40935672515062, 38.79003558718748, 98.63013698630655, -47.194719471947636, -79.72972972972931, 17.26384364820744, -90.09900990098924, 53.33333333333381, -14.253731343283079, -69.38775510204108, -83.71335504885941, -77.56410256410237, -6.250000000000924, -112.88985507246446, 228.5198555956721, 36.807817589579784, 184.34504792332504, 100.00000000000533, 279.43262411347695, 117.5438596491264, 477.319587628858, -49.04458598726152, -93.80804953560265, 434.12462908011474, -31.558935361217568, 430.5343511450354, 1.818181818181999, 489.4736842105175, 296.9465648854865], "episode_types": ["e", "e", "e", "e", "e", "e", "e", "e", "e", "e", "e", "e", "e", "e", "e", "e", "e", "e", "e", "e", "e", "e", "e", "e", "e", "e", "e", "e", "e", "e", "e"]}