{"initial_reset_timestamp": 1611785261.1996815, "timestamps": [1611785386.708808, 1611785716.7368152, 1611786098.6970353, 1611786474.4519846, 1611786851.657688, 1611787229.2435892, 1611787608.34958, 1611787987.7569299, 1611788380.5557435, 1611788763.6033356, 1611789141.1640675, 1611789520.3458276, 1611789898.356378, 1611790278.9570572, 1611790658.694485, 1611791039.1788023, 1611791418.9067638, 1611791799.4284966, 1611792179.3610058, 1611792560.1620104, 1611792939.1353908, 1611793319.4330432, 1611793699.800939, 1611794078.9718902, 1611794459.0233653, 1611794841.5451798, 1611795223.8952835, 1611795620.580874, 1611796010.2248995, 1611796392.50109, 1611796776.7059572, 1611797158.251422, 1611797536.0985487, 1611797919.7737875, 1611798304.0701487, 1611798686.7976868, 1611799073.4597843, 1611799456.3697944, 1611799934.7668993, 1611800627.1796575, 1611801318.0784266, 1611802022.2790992, 1611802722.9365923, 1611803419.8266819, 1611803852.773474, 1611804231.652603, 1611804611.257842, 1611804991.2444522, 1611805665.8090882, 1611806363.4909801, 1611807059.036313, 1611807754.95502, 1611808449.5552254, 1611808992.3628414, 1611809367.0429466, 1611809742.6025565, 1611810117.0337527, 1611810492.817577, 1611810868.4687927, 1611811245.318657, 1611811623.1753693, 1611811997.545068, 1611812374.5901906, 1611812756.860472, 1611813151.8062131, 1611813540.9163995, 1611813918.9252982, 1611814294.9688077, 1611814670.489016, 1611815045.8666012, 1611815420.224929, 1611815795.7435362, 1611816170.9885786, 1611816545.6606262, 1611816919.9328778, 1611817295.605244, 1611817671.01133, 1611818046.4301128, 1611818421.2819645, 1611818795.7783463, 1611819171.5818138, 1611819548.2952132, 1611819924.1413202, 1611820299.7785742, 1611820672.7643857, 1611821048.0858417, 1611821423.9235168, 1611821799.2439854, 1611822050.2618697, 1611822425.8091958, 1611822799.7439418, 1611823174.5506217, 1611823549.4752562, 1611823923.7478573, 1611824299.6384044, 1611824674.8934865, 1611825049.660329, 1611825424.9994583, 1611825799.5038497, 1611826173.8897727, 1611826549.786825, 1611826924.208697, 1611827299.153358, 1611827674.497672, 1611828047.9531255, 1611828420.8912258, 1611828795.9695756, 1611829170.0330548, 1611829544.7064278, 1611829919.704501, 1611830293.8052692, 1611830667.9300284, 1611831043.5322573, 1611831419.0130775, 1611831793.8101923, 1611832169.101542, 1611832545.0743778, 1611832917.7726219, 1611833291.9661937, 1611833668.6172135, 1611834044.6178417, 1611834421.412451, 1611834796.8220332, 1611835171.945239, 1611835547.7058496, 1611835930.7234275, 1611836307.5117645, 1611836683.6673713, 1611837057.2525296, 1611837434.3529122, 1611837810.0536067, 1611838183.9866338, 1611838559.7422338, 1611838933.2433648, 1611839306.4465764, 1611839681.3301432, 1611840055.9835823, 1611840430.362005, 1611840805.304735, 1611841179.8595016, 1611841554.9330752, 1611841927.998532, 1611842303.395533, 1611842678.5280154, 1611843051.4598017, 1611843427.0666723, 1611843801.0365696, 1611844175.7808158, 1611844551.3332, 1611844924.9359279, 1611845299.2319274, 1611845672.750442, 1611846047.3243322, 1611846423.493851, 1611846797.859141, 1611847170.4293547, 1611847544.4338531, 1611847917.7846057, 1611848291.8109214, 1611848667.85266, 1611849042.8092682, 1611849418.3798282, 1611849792.7054474, 1611850169.5195103, 1611850546.3178017, 1611850925.2947342, 1611851310.1865373, 1611851694.60304, 1611852071.213849, 1611852448.760714, 1611852826.4082372, 1611853210.9234128, 1611853606.374266, 1611854002.723671, 1611854396.8079941, 1611854793.7657862, 1611855188.7110162, 1611855583.6968331, 1611855975.5042372, 1611856368.3609707, 1611856758.7793214, 1611857152.133558, 1611857534.087638, 1611857915.7780101, 1611858290.9799469, 1611858668.675652, 1611859050.6291492, 1611859429.7137632, 1611859811.9525595, 1611860189.0047548, 1611860565.3263202, 1611860941.6558216, 1611861318.2835445, 1611861696.9605138, 1611862078.8361874, 1611862465.5656633, 1611862852.7934191, 1611863241.334043, 1611863632.532346, 1611864010.0537825, 1611864387.047983, 1611864767.057704, 1611865150.443528, 1611865531.2406623, 1611865911.4842021, 1611866292.2355108, 1611866674.0307949, 1611867056.1947336, 1611867435.4332385, 1611867820.0446122, 1611868224.3017414, 1611868631.4322207, 1611869045.0723681, 1611869460.307919, 1611869877.457035, 1611870295.707642, 1611870704.552059, 1611871104.0940583, 1611871499.489709, 1611871894.5429738, 1611872288.902864, 1611872685.0402224, 1611873079.4834206, 1611873472.2493634, 1611873864.2651901, 1611874258.2801335, 1611874650.6928782, 1611875042.3830657, 1611875436.0151408, 1611875830.441837, 1611876223.75045, 1611876616.4559793, 1611877021.6932695, 1611877429.5427272, 1611877863.0106869, 1611878308.413232, 1611878752.2736707, 1611879181.3829176, 1611879589.6218767, 1611879989.4725497, 1611880327.385028, 1611880668.5451272, 1611881011.8098176, 1611881360.533987, 1611881708.1608095, 1611882036.581377, 1611882345.5234637, 1611882651.937998, 1611882971.4583411, 1611883285.6180255], "episode_lengths": [353, 840, 1000, 1000, 1000, 1000, 1000, 1000, 1000, 1000, 1000, 1000, 1000, 1000, 1000, 1000, 1000, 1000, 1000, 1000, 1000, 1000, 1000, 1000, 1000, 1000, 1000, 1000, 1000, 1000, 1000, 1000, 1000, 1000, 1000, 1000, 1000, 1000, 1000, 1000, 1000, 1000, 1000, 1000, 1000, 1000, 1000, 1000, 1000, 1000, 1000, 1000, 1000, 1000, 1000, 1000, 987, 1000, 1000, 1000, 1000, 1000, 1000, 1000, 1000, 1000, 1000, 1000, 1000, 1000, 1000, 1000, 1000, 1000, 1000, 1000, 1000, 1000, 1000, 1000, 1000, 1000, 1000, 1000, 1000, 1000, 1000, 1000, 678, 1000, 1000, 1000, 1000, 1000, 1000, 1000, 1000, 1000, 1000, 1000, 1000, 1000, 1000, 1000, 1000, 1000, 1000, 1000, 1000, 1000, 1000, 1000, 1000, 1000, 1000, 1000, 1000, 1000, 1000, 1000, 1000, 1000, 1000, 1000, 1000, 1000, 1000, 1000, 1000, 1000, 1000, 1000, 1000, 1000, 1000, 1000, 1000, 1000, 1000, 1000, 1000, 1000, 1000, 1000, 1000, 1000, 1000, 1000, 1000, 1000, 1000, 1000, 1000, 1000, 1000, 1000, 1000, 1000, 1000, 1000, 1000, 1000, 1000, 1000, 1000, 1000, 1000, 1000, 1000, 1000, 1000, 1000, 1000, 1000, 1000, 1000, 1000, 1000, 1000, 1000, 1000, 1000, 1000, 1000, 1000, 1000, 1000, 1000, 1000, 1000, 1000, 1000, 1000, 1000, 1000, 1000, 1000, 1000, 1000, 1000, 1000, 1000, 1000, 1000, 1000, 1000, 1000, 1000, 1000, 1000, 1000, 1000, 1000, 1000, 1000, 1000, 1000, 1000, 1000, 1000, 1000, 1000, 1000, 1000, 1000, 1000, 1000, 1000, 1000, 1000, 1000, 1000, 1000, 1000, 1000, 1000, 1000, 1000, 1000, 1000, 1000, 1000, 1000, 1000, 1000, 1000, 1000, 1000, 1000, 1000],