{"initial_reset_timestamp": 1611383849.7071884, "timestamps": [1611383873.6446266], "episode_lengths": [1000], "episode_rewards": [204.34782608696105], "episode_types": ["e"]}