{"initial_reset_timestamp": 1611940891.477652, "timestamps": [1611940942.1233318, 1611940994.0267022, 1611941029.327577, 1611941064.5613983, 1611941100.4073932, 1611941135.9851058, 1611941173.2950127, 1611941210.3220277, 1611941235.248591, 1611941273.957185, 1611941309.173127, 1611941345.4322293, 1611941382.0225146, 1611941418.2646196, 1611941454.62791, 1611941490.7553928, 1611941526.8454506, 1611941562.8549297, 1611941599.098771, 1611941634.9878762, 1611941671.290011, 1611941707.2031965, 1611941744.1117792, 1611941780.6244946, 1611941816.7249222, 1611941853.1072633, 1611941890.0631614, 1611941939.69951, 1611941976.66605, 1611942010.2274153, 1611942038.0592623], "episode_lengths": [1000, 1000, 1000, 1000, 1000, 1000, 1000, 1000, 481, 1000, 1000, 1000, 1000, 1000, 1000, 1000, 1000, 1000, 1000, 1000, 1000, 1000, 1000, 1000, 1000, 1000, 1000, 1000, 1000, 1000, 1000], "episode_rewards": [375.99999999998386, -31.972789115646876, -41.36807817589656, 142.18750000000537, 159.868421052633, -7.142857142856979, -26.530612244898315, 169.36026936027477, -23.471698113205463, 329.1338582677153, -23.63636363636449, -25.80645161290401, -47.8527607361967, -61.40350877193051, 92.3076923076942, -32.69230769230849, -30.31358885017467, 133.89830508475072, 116.39344262295293, 195.13888888889446, 303.0418250950581, 168.45637583893074, 241.93548387097155, -34.718100890208476, 331.43812709028856, 274.50199203185684, 69.96047430830505, 29.921259842519554, 63.33333333333825, 181.74603174603732, 28.47222222222149], "episode_types": ["e", "e", "e", "e", "e", "e", "e", "e", "e", "e", "e", "e", "e", "e", "e", "e", "e", "e", "e", "e", "e", "e", "e", "e", "e", "e", "e", "e", "e", "e", "e"]}