{"initial_reset_timestamp": 1611384739.3307688, "timestamps": [1611384763.7338958], "episode_lengths": [1000], "episode_rewards": [303.2786885245752], "episode_types": ["e"]}