{"initial_reset_timestamp": 1611785318.424747, "timestamps": [1611785712.6680064, 1611786105.408615, 1611786484.3512917, 1611786862.0689845, 1611787240.2246099, 1611787620.770273, 1611787984.4699967, 1611788369.220681, 1611788760.2069993, 1611789099.7977579, 1611789484.7300785, 1611789863.8767498, 1611790059.0621986, 1611790439.366295, 1611790819.2441037, 1611791198.9245446, 1611791579.8132422, 1611791960.03483, 1611792339.133777, 1611792719.2990224, 1611793100.186059, 1611793481.028369, 1611793860.4913166, 1611794217.1064584, 1611794598.727033, 1611794981.8901477, 1611795366.4836023, 1611795767.516804, 1611796152.5600052, 1611796537.3755653, 1611796921.2049022, 1611797107.8159797, 1611797485.8938816, 1611797869.252734, 1611798254.8796942, 1611798638.5068283, 1611799022.920157, 1611799406.9005904, 1611799847.9721599, 1611800542.4476464, 1611801235.196434, 1611801937.034003, 1611802636.3771856, 1611803334.307616, 1611803809.2187147, 1611804190.536212, 1611804571.2139738, 1611804951.4039605, 1611805594.1826658, 1611806294.8008642, 1611806993.196699, 1611807687.0610309, 1611808380.6067111, 1611808952.0659919, 1611809326.764669, 1611809703.0215425, 1611809901.1546173, 1611810276.3404276, 1611810650.5930703, 1611811027.499542, 1611811135.6839705, 1611811512.9605188, 1611811888.8622382, 1611812265.1962223, 1611812657.3867614, 1611813041.1595418, 1611813431.2370918, 1611813558.5584135, 1611813936.1569095, 1611814312.3775153, 1611814689.233609, 1611815063.7745538, 1611815177.947018, 1611815300.22682, 1611815674.6192117, 1611816047.8204906, 1611816422.288986, 1611816796.5450363, 1611817171.507218, 1611817546.505097, 1611817923.059356, 1611818297.776028, 1611818672.5647612, 1611819046.5816693, 1611819421.9542968, 1611819797.2786365, 1611820172.8062155, 1611820264.7184806, 1611820639.8570163, 1611821015.6063714, 1611821391.8516521, 1611821766.0737681, 1611822094.7671776, 1611822470.7013648, 1611822847.2446055, 1611823222.949871, 1611823599.6592674, 1611823973.764811, 1611824348.110022, 1611824723.5732195, 1611825099.4216678, 1611825475.0376737, 1611825850.1154652, 1611826056.3259802, 1611826432.143503, 1611826807.989815, 1611827183.283618, 1611827558.5879157, 1611827933.3812127, 1611828285.7412758, 1611828662.7734754, 1611829038.407658, 1611829412.9897504, 1611829788.0850787, 1611830163.0618286, 1611830538.8388631, 1611830914.3284512, 1611831289.430007, 1611831662.9861073, 1611832038.5555394, 1611832238.1308205, 1611832560.3780568, 1611832936.5008016, 1611833313.7073596, 1611833691.3854492, 1611834077.5397434, 1611834454.6537614, 1611834829.6511993, 1611835204.459066, 1611835581.200128, 1611835957.1667092, 1611836333.991403, 1611836710.7219143, 1611837086.4218762, 1611837463.2063606, 1611837839.671604, 1611838215.589881, 1611838591.720402, 1611838965.7096462, 1611839340.240355, 1611839716.6347277, 1611840091.5552998, 1611840466.8777351, 1611840842.272167, 1611841219.0962524, 1611841594.759359, 1611841970.1496139, 1611842345.136684, 1611842721.0581148, 1611843096.7199569, 1611843472.453127, 1611843848.0588534, 1611844222.381512, 1611844597.6360164, 1611844834.3711765, 1611845209.0932643, 1611845584.7313159, 1611845961.1301117, 1611846336.881727, 1611846712.5660293, 1611847088.600369, 1611847463.287867, 1611847838.3979907, 1611848214.0965614, 1611848543.9291193, 1611848858.3930094, 1611849080.4953687, 1611849455.169837, 1611849830.717185, 1611850206.329461, 1611850583.772162, 1611850963.8630812, 1611851350.104384, 1611851735.6955876, 1611852113.8153625, 1611852492.163951, 1611852871.4361105, 1611853260.095484, 1611853438.009282, 1611853648.3142297, 1611854042.9092426, 1611854437.7690544, 1611854835.3330863, 1611855234.0796492, 1611855598.3545454, 1611855991.5936003, 1611856384.879635, 1611856778.2823997, 1611857173.0944014, 1611857423.3425782, 1611857804.7816188, 1611858184.3150265, 1611858285.427671, 1611858664.74093, 1611859045.0491114, 1611859424.2737908, 1611859805.6869812, 1611860146.1048625, 1611860525.6592798, 1611860725.6594224, 1611861104.9082615, 1611861297.950259, 1611861676.800392, 1611862058.9142623, 1611862448.546081, 1611862646.9243844, 1611863035.885022, 1611863426.860591, 1611863811.5958421, 1611864188.5133178, 1611864565.8374941, 1611864947.4478695, 1611865331.7985132, 1611865714.1024563, 1611866095.390107, 1611866477.3385222, 1611866868.466334, 1611867249.4304085, 1611867630.723969, 1611868027.7063096, 1611868434.981462, 1611868848.1565366, 1611869263.8572443, 1611869680.0433707, 1611870099.1974428, 1611870321.4001, 1611870721.2682, 1611871121.2944493, 1611871518.5104594, 1611871913.9270527, 1611872307.730406, 1611872703.093361, 1611873048.7262015, 1611873257.6379611, 1611873633.2146788, 1611874028.8214984, 1611874423.8051531, 1611874818.1482334, 1611875212.5677152, 1611875607.5350416, 1611876002.7951775, 1611876398.3995168, 1611876797.5529702, 1611877205.7189333, 1611877619.0603328, 1611878064.6944206, 1611878510.4769902, 1611878953.3185892, 1611879367.2472608, 1611879775.4733353], "episode_lengths": [1000, 1000, 1000, 1000, 1000, 1000, 953, 1000, 1000, 901, 1000, 1000, 507, 1000, 1000, 1000, 1000, 1000, 1000, 1000, 1000, 1000, 1000, 938, 1000, 1000, 1000, 1000, 1000, 1000, 1000, 499, 1000, 1000, 1000, 1000, 1000, 1000, 1000, 1000, 1000, 1000, 1000, 1000, 1000, 1000, 1000, 1000, 1000, 1000, 1000, 1000, 1000, 1000, 1000, 1000, 522, 1000, 1000, 1000, 287, 1000, 1000, 1000, 1000, 1000, 1000, 328, 1000, 1000, 1000, 1000, 304, 323, 1000, 1000, 1000, 1000, 1000, 1000, 1000, 1000, 1000, 1000, 1000, 1000, 1000, 257, 1000, 1000, 1000, 1000, 867, 1000, 1000, 1000, 1000, 1000, 1000, 1000, 1000, 1000, 1000, 548, 1000, 1000, 1000, 1000, 1000, 923, 1000, 1000, 1000, 1000, 1000, 1000, 1000, 1000, 1000, 1000, 529, 853, 1000, 1000, 1000, 1000, 1000, 1000, 1000, 1000, 1000, 1000, 1000, 1000, 1000, 1000, 1000, 1000, 1000, 1000, 1000, 1000, 1000, 1000, 1000, 1000, 1000, 1000, 1000, 1000, 1000, 1000, 1000, 1000, 634, 1000, 1000, 1000, 1000, 1000, 1000, 1000, 1000, 1000, 879, 826, 591, 1000, 1000, 1000, 1000, 1000, 1000, 1000, 1000, 1000, 1000, 1000, 451, 526, 1000, 1000, 1000, 1000, 913, 1000, 1000, 1000, 1000, 659, 1000, 1000, 278, 1000, 1000, 1000, 1000, 890, 1000, 531, 1000, 520, 1000, 1000, 1000, 514, 1000, 1000, 1000, 1000, 1000, 1000, 1000, 1000, 1000, 1000, 1000, 1000, 1000, 1000, 1000, 1000, 1000, 1000, 1000, 539, 1000, 1000, 1000, 1000, 1000, 1000, 863, 524, 948, 1000, 1000, 1000, 1000, 1000, 1000, 1000, 1000, 1000, 1000, 1000, 1000, 1000, 1000, 1000],