{"initial_reset_timestamp": 1611891972.7067785, "timestamps": [1611892181.984747, 1611892399.9401486, 1611892611.3490684, 1611892823.9174771, 1611893035.5672405, 1611893246.4570034, 1611893459.0740304, 1611893671.1558661, 1611893891.5210295, 1611894072.4220815, 1611894286.7707884, 1611894499.5368423, 1611894712.9532022, 1611894883.138189, 1611895095.5945163, 1611895308.209494, 1611895522.156079, 1611895734.908143, 1611895948.9594786, 1611896161.3173976, 1611896374.3986952, 1611896582.7687511, 1611896795.4260852, 1611897008.7286735, 1611897186.4741526, 1611897399.50267, 1611897612.2019005, 1611897833.388414, 1611898047.2339396, 1611898260.4154623, 1611898472.4784927, 1611898682.34243, 1611898893.5583203, 1611899103.3567238, 1611899315.0212426, 1611899525.9044037, 1611899736.5089495, 1611899948.1940365, 1611900159.3924766, 1611900370.4275105, 1611900580.995529, 1611900670.9497871, 1611900881.620156, 1611901093.1063025, 1611901304.7949643, 1611901515.0171452, 1611901726.1114597, 1611901937.7976637, 1611902148.962186, 1611902359.5484846, 1611902570.7691202, 1611902781.7800472, 1611902992.9761548, 1611903204.1245944, 1611903415.2062972, 1611903626.3680453, 1611903734.1412868, 1611903945.1703298, 1611904156.1248581, 1611904344.9313462, 1611904404.8597226, 1611904615.2915075, 1611904825.4235137, 1611905036.374844, 1611905254.0764182, 1611905465.1709707, 1611905675.234528, 1611905778.71772, 1611905989.7213955, 1611906200.353347, 1611906298.9676614, 1611906510.6442382, 1611906721.6380613, 1611906932.4694812, 1611907143.6373632, 1611907354.7028008, 1611907564.4952724, 1611907775.4101973, 1611907986.0488684, 1611908196.3965268, 1611908407.0082226, 1611908617.9428358, 1611908742.4744508, 1611908953.0421135, 1611909163.5258796, 1611909373.810661, 1611909584.668548, 1611909640.8128889, 1611909851.4603746, 1611910061.879432, 1611910272.3794134, 1611910465.2475147, 1611910521.0784028, 1611910658.1549973, 1611910869.0456927, 1611911079.617199, 1611911290.293325, 1611911500.7610524, 1611911711.6931324, 1611911922.7855651, 1611912133.281281, 1611912343.8874438, 1611912554.5982199, 1611912766.43377, 1611912890.8610861, 1611913101.4770463, 1611913312.399714, 1611913522.4955742, 1611913732.7895734, 1611913943.4882793, 1611914137.0270119, 1611914346.8620954, 1611914557.8854284, 1611914767.3010108, 1611914978.487509, 1611915189.16138, 1611915399.2355587, 1611915609.330782, 1611915819.3118825, 1611916029.9939187, 1611916240.329338, 1611916372.6621745, 1611916582.363276, 1611916792.3928475, 1611917002.2763686, 1611917220.6298597, 1611917430.5069551, 1611917576.9859319, 1611917791.7367616, 1611917890.6182408, 1611918100.9267657, 1611918310.878742, 1611918520.8058655, 1611918730.3895926, 1611918941.2382057, 1611919151.9722502, 1611919362.178275, 1611919572.3466175, 1611919782.8337402, 1611919993.3714507, 1611920203.650998, 1611920311.1506624, 1611920520.0755556, 1611920730.861662, 1611920941.185229, 1611921151.315517, 1611921362.447431, 1611921572.4265456, 1611921782.8114166, 1611921954.2241268, 1611922164.9357994, 1611922375.0332, 1611922584.7642093, 1611922794.371872, 1611923004.9259326, 1611923214.2904065, 1611923424.0165696, 1611923634.5761845, 1611923725.2155921, 1611923935.232268, 1611924146.0086315, 1611924356.822488, 1611924566.7254674, 1611924776.8833857, 1611924926.8879087, 1611925135.5931735, 1611925345.3170848, 1611925555.5423856, 1611925767.1126447, 1611925977.0268166, 1611926187.2771697, 1611926397.652221, 1611926608.3107955, 1611926819.2742288, 1611927028.5589626, 1611927238.6658444, 1611927450.025214, 1611927660.106651, 1611927870.7870862, 1611928081.0801315, 1611928290.980436, 1611928398.3103895, 1611928609.578885, 1611928820.1483786, 1611929008.558074, 1611929218.2743158, 1611929312.8069873, 1611929523.4895668, 1611929733.8888772, 1611929945.006598, 1611930156.2728179, 1611930365.9864042, 1611930576.6389296, 1611930786.9254022, 1611930998.0838768, 1611931208.2271943, 1611931417.2400892, 1611931626.927985, 1611931837.4600298, 1611932048.2466033, 1611932258.929891, 1611932469.3171756, 1611932680.0167189, 1611932779.0991406, 1611932989.3973784, 1611933199.2765675, 1611933409.3109484, 1611933530.0333014, 1611933738.9720778, 1611933948.6143558, 1611934159.7697847, 1611934370.3169777, 1611934581.0063574, 1611934791.7334883, 1611935002.1889703, 1611935213.3190784, 1611935431.7076082, 1611935642.8077488, 1611935854.1719573, 1611936064.8057137, 1611936277.358605, 1611936488.7445798, 1611936589.0923831, 1611936799.645665, 1611937010.3008351, 1611937220.8372555, 1611937430.751282, 1611937645.1872706, 1611937858.1532493, 1611938073.503711, 1611938291.182715, 1611938505.734154, 1611938719.945147, 1611938935.602015, 1611939148.212586, 1611939361.6338084, 1611939573.0109444, 1611939785.3783653, 1611939997.7931535, 1611940210.023489, 1611940305.7468724, 1611940516.4043198, 1611940637.8578994, 1611940852.7047644, 1611941250.0095878, 1611941665.444314, 1611942060.254246, 1611942270.8558261, 1611942481.0432274, 1611942692.5105498], "episode_lengths": [947, 1000, 1000, 1000, 1000, 1000, 1000, 1000, 1000, 847, 1000, 1000, 1000, 788, 1000, 1000, 1000, 1000, 1000, 1000, 1000, 975, 1000, 1000, 829, 1000, 1000, 1000, 1000, 1000, 1000, 1000, 1000, 1000, 1000, 1000, 1000, 1000, 1000, 1000, 1000, 424, 1000, 1000, 1000, 1000, 1000, 1000, 1000, 1000, 1000, 1000, 1000, 1000, 1000, 1000, 503, 1000, 1000, 882, 284, 1000, 1000, 1000, 1000, 1000, 1000, 500, 1000, 1000, 477, 1000, 1000, 1000, 1000, 1000, 1000, 1000, 1000, 1000, 1000, 1000, 590, 1000, 1000, 1000, 1000, 276, 1000, 1000, 1000, 911, 275, 644, 1000, 1000, 1000, 1000, 1000, 1000, 1000, 1000, 1000, 1000, 593, 1000, 1000, 1000, 1000, 1000, 917, 1000, 1000, 1000, 1000, 1000, 1000, 1000, 1000, 1000, 1000, 632, 1000, 1000, 1000, 1000, 1000, 701, 1000, 472, 1000, 1000, 1000, 1000, 1000, 1000, 1000, 1000, 1000, 1000, 1000, 511, 1000, 1000, 1000, 1000, 1000, 1000, 1000, 813, 1000, 1000, 1000, 1000, 1000, 1000, 1000, 1000, 435, 1000, 1000, 1000, 1000, 1000, 714, 1000, 1000, 1000, 1000, 1000, 1000, 1000, 1000, 1000, 1000, 1000, 1000, 1000, 1000, 1000, 1000, 519, 1000, 1000, 884, 1000, 449, 1000, 1000, 1000, 1000, 1000, 1000, 1000, 1000, 1000, 1000, 1000, 1000, 1000, 1000, 1000, 1000, 476, 1000, 1000, 1000, 580, 1000, 1000, 1000, 1000, 1000, 1000, 1000, 1000, 1000, 1000, 1000, 1000, 1000, 1000, 474, 992, 1000, 1000, 1000, 1000, 1000, 1000, 1000, 1000, 1000, 1000, 1000, 1000, 1000, 1000, 1000, 1000, 453, 1000, 576, 1000, 1000, 1000, 1000, 1000, 1000, 1000],