{"initial_reset_timestamp": 1611440936.0607948, "timestamps": [1611440978.75831, 1611441023.0304909, 1611441053.9975035, 1611441084.0806804, 1611441114.193869, 1611441146.1424417, 1611441178.3840404, 1611441210.5988507, 1611441253.2271338, 1611441284.3376944, 1611441315.9351766, 1611441347.0135586, 1611441370.4102333, 1611441401.7061343, 1611441432.1417925, 1611441463.2808802, 1611441494.0347674, 1611441525.1842353, 1611441556.3503814, 1611441586.7217793, 1611441617.0410435, 1611441647.2929063, 1611441677.4095554, 1611441707.4114044, 1611441737.5364473, 1611441769.0449283, 1611441800.50499, 1611441806.70729, 1611441838.0440938, 1611441867.982693, 1611441899.291172], "episode_lengths": [1000, 1000, 1000, 1000, 1000, 1000, 1000, 1000, 1000, 1000, 1000, 1000, 751, 1000, 1000, 1000, 1000, 1000, 1000, 1000, 1000, 1000, 1000, 1000, 1000, 1000, 1000, 141, 1000, 1000, 1000], "episode_rewards": [362.8378378378234, 168.1159420289903, 144.82758620689768, -40.199335548173536, 29.449838187701218, -80.32786885245874, -88.84758364312188, -7.142857142857096, 307.53424657534214, 278.37837837838015, 16.981132075471, 54.385964912280826, 242.47572815533408, 615.254237288122, -46.8085106382982, 310.77441077440216, 823.0769230769065, 833.3333333333173, 110.8433734939776, 615.2542372881278, 301.4336917562725, 187.06624605678493, -32.65993265993345, 75.25773195876717, 372.6562499999955, 455.18394648828104, 494.40559440558644, -73.1836734693879, 443.5540069686263, 323.23651452282087, 16.88311688311563], "episode_types": ["e", "e", "e", "e", "e", "e", "e", "e", "e", "e", "e", "e", "e", "e", "e", "e", "e", "e", "e", "e", "e", "e", "e", "e", "e", "e", "e", "e", "e", "e", "e"]}