{"initial_reset_timestamp": 1611785261.151738, "timestamps": [1611785645.6089656, 1611785799.371672, 1611786035.6984751, 1611786414.1495574, 1611786793.9008982, 1611787173.5716934, 1611787554.7485676, 1611787934.7779546, 1611788326.636225, 1611788711.153684, 1611789089.7372057, 1611789471.1529555, 1611789850.701787, 1611790232.4759052, 1611790613.8656604, 1611790996.8341908, 1611791377.8725333, 1611791760.244551, 1611792140.5079298, 1611792522.845933, 1611792904.8896885, 1611793286.6957982, 1611793668.6471446, 1611794050.1188107, 1611794431.1535854, 1611794813.0614707, 1611795196.1630745, 1611795594.5897033, 1611795829.963889, 1611796220.7067227, 1611796605.959859, 1611796988.7723756, 1611797369.569522, 1611797752.2633438, 1611798137.7291906, 1611798523.6716845, 1611798909.6065934, 1611799294.142171, 1611799681.5700567, 1611800342.662931, 1611801037.386233, 1611801738.7961605, 1611802442.1587408, 1611803144.7828145, 1611803707.2062314, 1611804089.6315746, 1611804471.4851549, 1611804851.334207, 1611805414.6912885, 1611806113.8112514, 1611806812.6665916, 1611807507.92812, 1611808207.5687885, 1611808860.0310981, 1611809236.6660373, 1611809613.7138927, 1611809989.683485, 1611810366.1040437, 1611810743.2186465, 1611811121.4329567, 1611811501.4916568, 1611811879.8995297, 1611812257.7803593, 1611812641.2375338, 1611813036.0352454, 1611813427.29366, 1611813811.4021168, 1611814187.271032, 1611814564.5811696, 1611814940.3531897, 1611815315.6238003, 1611815693.3252594, 1611816068.9508324, 1611816446.199948, 1611816823.4274561, 1611817199.8764925, 1611817576.5269256, 1611817953.3709154, 1611818329.774285, 1611818707.38181, 1611819085.3619819, 1611819462.1857848, 1611819838.2143238, 1611820213.4339612, 1611820590.4322073, 1611820966.3353288, 1611821343.4045582, 1611821719.030845, 1611822095.3386066, 1611822473.3732767, 1611822850.3374944, 1611823019.299181, 1611823398.3423226, 1611823774.6635098, 1611824151.910215, 1611824530.183501, 1611824906.3210332, 1611825282.4424877, 1611825659.1620975, 1611826036.6777027, 1611826413.4959507, 1611826789.7730947, 1611827167.215242, 1611827543.1231277, 1611827920.6292543, 1611828297.7011518, 1611828674.8981586, 1611829051.3338933, 1611829427.0272393, 1611829802.8076615, 1611830179.4642076, 1611830556.2481487, 1611830931.915856, 1611831309.24832, 1611831685.5608823, 1611832062.0400028, 1611832439.92196, 1611832817.222829, 1611833195.962818, 1611833575.2184057, 1611833952.7327619, 1611834330.4242573, 1611834707.5176568, 1611835085.4659927, 1611835464.1106462, 1611835852.0463827, 1611836230.0420437, 1611836609.0954566, 1611836985.7928615, 1611837362.3326652, 1611837740.6873186, 1611838117.2709723, 1611838492.975886, 1611838869.982116, 1611839245.7788827, 1611839622.8213701, 1611840000.7371767, 1611840376.553015, 1611840752.6880782, 1611841129.517256, 1611841506.8328583, 1611841883.070134, 1611842259.917196, 1611842635.7073967, 1611843012.2764704, 1611843389.2469974, 1611843766.0730178, 1611844143.6612585, 1611844521.1505024, 1611844896.8371203, 1611845274.138924, 1611845650.8953516, 1611846027.4016688, 1611846404.6866581, 1611846782.9810507, 1611847158.6995099, 1611847535.5148616, 1611847912.362718, 1611848289.4866962, 1611848666.491217, 1611849042.0440767, 1611849419.1206753, 1611849796.326111, 1611850173.6235173, 1611850552.7502537, 1611850933.7470696, 1611851321.6509855, 1611851708.5803351, 1611852087.196684, 1611852466.4299932, 1611852845.9409406, 1611853234.2209003, 1611853632.4816632, 1611854028.8097088, 1611854426.9439585, 1611854824.0514007, 1611855219.538608, 1611855617.5375757, 1611856012.319682, 1611856406.9414995, 1611856798.1320803, 1611857194.713129, 1611857575.2328556, 1611857959.7768323, 1611858339.3978236, 1611858717.6410408, 1611859101.5485349, 1611859482.9500725, 1611859866.5116692, 1611860247.378601, 1611860626.9984124, 1611861007.4538813, 1611861386.168443, 1611861769.8611977, 1611862154.8683915, 1611862545.345434, 1611862934.9300003, 1611863324.8897622, 1611863715.7108798, 1611864095.9559307, 1611864475.1851547, 1611864856.56419, 1611865238.8102891, 1611865622.9420257, 1611866005.4776256, 1611866387.338885, 1611866769.2814178, 1611867152.4863155, 1611867533.14752, 1611867925.466679, 1611868333.5680354, 1611868745.225715, 1611869162.6622405, 1611869578.9150314, 1611869999.7818313, 1611870415.1399877, 1611870827.3723702, 1611871226.84766, 1611871624.022239, 1611872021.68484, 1611872416.675917, 1611872813.3312376, 1611873208.3966694, 1611873604.2906027, 1611873999.158542, 1611874395.7213688, 1611874791.6586182, 1611875187.1374905, 1611875582.0188332, 1611875978.540952, 1611876373.944838, 1611876774.4845538, 1611877184.59379, 1611877599.8897843, 1611878045.140434, 1611878492.855187, 1611878937.5059218, 1611879352.797083, 1611879760.3856766, 1611880130.3596418, 1611880471.27703, 1611880815.058867, 1611881159.4076736, 1611881513.5970292, 1611881854.2247322, 1611882175.322286, 1611882482.0819526, 1611882795.4888806, 1611883116.2412918, 1611883435.139534], "episode_lengths": [1000, 395, 612, 1000, 1000, 1000, 1000, 1000, 1000, 1000, 1000, 1000, 1000, 1000, 1000, 1000, 1000, 1000, 1000, 1000, 1000, 1000, 1000, 1000, 1000, 1000, 1000, 1000, 601, 1000, 1000, 1000, 1000, 1000, 1000, 1000, 1000, 1000, 1000, 1000, 1000, 1000, 1000, 1000, 1000, 1000, 1000, 1000, 1000, 1000, 1000, 1000, 1000, 1000, 1000, 1000, 1000, 1000, 1000, 1000, 1000, 1000, 1000, 1000, 1000, 1000, 1000, 1000, 1000, 1000, 1000, 1000, 1000, 1000, 1000, 1000, 1000, 1000, 1000, 1000, 1000, 1000, 1000, 1000, 1000, 1000, 1000, 1000, 1000, 1000, 1000, 449, 1000, 1000, 1000, 1000, 1000, 1000, 1000, 1000, 1000, 1000, 1000, 1000, 1000, 1000, 1000, 1000, 1000, 1000, 1000, 1000, 1000, 1000, 1000, 1000, 1000, 1000, 1000, 1000, 1000, 1000, 1000, 1000, 1000, 1000, 1000, 1000, 1000, 1000, 1000, 1000, 1000, 1000, 1000, 1000, 1000, 1000, 1000, 1000, 1000, 1000, 1000, 1000, 1000, 1000, 1000, 1000, 1000, 1000, 1000, 1000, 1000, 1000, 1000, 1000, 1000, 1000, 1000, 1000, 1000, 1000, 1000, 1000, 1000, 1000, 1000, 1000, 1000, 1000, 1000, 1000, 1000, 1000, 1000, 1000, 1000, 1000, 1000, 1000, 1000, 1000, 1000, 1000, 1000, 1000, 1000, 1000, 1000, 1000, 1000, 1000, 1000, 1000, 1000, 1000, 1000, 1000, 1000, 1000, 1000, 1000, 1000, 1000, 1000, 1000, 1000, 1000, 1000, 1000, 1000, 1000, 1000, 1000, 1000, 1000, 1000, 1000, 1000, 1000, 1000, 1000, 1000, 1000, 1000, 1000, 1000, 1000, 1000, 1000, 1000, 1000, 1000, 1000, 1000, 1000, 1000, 1000, 1000, 1000, 1000, 1000, 1000, 1000, 1000, 1000, 1000, 1000, 1000, 1000],