{"initial_reset_timestamp": 1611940891.448138, "timestamps": [1611940942.7878082, 1611940994.2030947, 1611941029.1460853, 1611941064.008692, 1611941099.7778585, 1611941135.376939, 1611941173.2603717, 1611941209.9473555, 1611941264.006455, 1611941299.3194988, 1611941335.2478812, 1611941370.8681386, 1611941407.009537, 1611941443.4324288, 1611941453.5677347, 1611941488.8743083, 1611941525.1847384, 1611941534.5818028, 1611941570.470159, 1611941607.001887, 1611941643.0895283, 1611941678.9010973, 1611941714.9142883, 1611941750.6026254, 1611941786.8104885, 1611941822.5020947, 1611941858.9670348, 1611941869.4544184, 1611941906.1217835, 1611941944.9070423, 1611941981.2302144], "episode_lengths": [1000, 1000, 1000, 1000, 1000, 1000, 1000, 1000, 1000, 1000, 1000, 1000, 1000, 1000, 287, 1000, 1000, 257, 1000, 1000, 1000, 1000, 1000, 1000, 1000, 1000, 1000, 207, 1000, 1000, 1000], "episode_rewards": [374.40273037540993, -42.857142857143366, 7.84313725490313, 25.00000000000253, 25.78616352201132, -58.95522388059794, 59.322033898308355, 419.57295373664357, 17.241379310343863, 40.28776978417596, -70.3947368421055, 212.03007518797537, 233.33333333333738, 316.14906832297646, -51.08062015503881, 74.37722419928842, 291.43730886850227, -65.31631205673787, 23.711340206184254, 24.22360248447233, 54.798761609910244, -2.527075812274726, 131.04693140794615, 69.81132075471882, 455.93220338982076, 345.65217391303827, 297.3509933774815, 22.257142857143208, -4.580152671756702, 234.40514469453856, 327.6527331189673], "episode_types": ["e", "e", "e", "e", "e", "e", "e", "e", "e", "e", "e", "e", "e", "e", "e", "e", "e", "e", "e", "e", "e", "e", "e", "e", "e", "e", "e", "e", "e", "e", "e"]}