{"initial_reset_timestamp": 1612011339.9086373, "timestamps": [1612011389.3951814, 1612011440.1123586, 1612011453.252696, 1612011488.3844311, 1612011523.2786062, 1612011558.517651, 1612011575.2494159, 1612011612.530836, 1612011662.8417192, 1612011701.195608, 1612011720.0489442, 1612011755.2981133, 1612011791.2978857, 1612011826.8637025, 1612011861.8426566, 1612011896.6153188, 1612011932.0486658, 1612011967.0739877, 1612012003.1509984, 1612012039.2673762, 1612012075.3217695, 1612012110.6455355, 1612012146.1748807, 1612012181.5139775, 1612012216.9890428, 1612012252.561744, 1612012288.157456, 1612012337.3823888, 1612012374.1479268, 1612012409.8506489, 1612012445.7943], "episode_lengths": [1000, 1000, 372, 1000, 1000, 1000, 454, 1000, 1000, 1000, 502, 1000, 1000, 1000, 1000, 1000, 1000, 1000, 1000, 1000, 1000, 1000, 1000, 1000, 1000, 1000, 1000, 1000, 1000, 1000, 1000], "episode_rewards": [325.17006802719663, 25.786163522012444, -66.72962962963008, 206.39730639730956, 20.805369127518567, 30.742049469963888, 19.129530201343442, -56.375838926175156, -70.69597069597089, 226.53061224490068, 33.35323741007346, 175.42372881356403, 374.0484429065697, -56.375838926175156, -27.335640138408824, -4.3806624994147114e-13, -65.61604584527267, -26.17449664429608, -41.93548387096857, 27.450980392155984, -0.7092198581569011, 432.6086956521666, 296.49122807016676, -16.083916083916172, -3.7800687285232617, 191.41104294478905, 578.3216783216654, 377.66323024054736, 137.50000000000318, 631.5436241610596, 163.15789473684615], "episode_types": ["e", "e", "e", "e", "e", "e", "e", "e", "e", "e", "e", "e", "e", "e", "e", "e", "e", "e", "e", "e", "e", "e", "e", "e", "e", "e", "e", "e", "e", "e", "e"]}