{"initial_reset_timestamp": 1611440942.7663422, "timestamps": [1611440987.7768197, 1611441001.5572872, 1611441034.556188, 1611441064.801145, 1611441095.3048902, 1611441124.9503202, 1611441157.0094404, 1611441188.3576264, 1611441231.8206925, 1611441263.4767923, 1611441294.502609, 1611441325.5930593, 1611441357.0509856, 1611441387.8884888, 1611441419.0338888, 1611441449.3502984, 1611441480.7675784, 1611441511.9839025, 1611441526.5935514, 1611441558.29382, 1611441588.8412316, 1611441618.8243132, 1611441649.1238537, 1611441679.4212887, 1611441709.5225117, 1611441740.7129629, 1611441771.8248224, 1611441812.9496357, 1611441843.6625433, 1611441874.4023502, 1611441905.7888203], "episode_lengths": [1000, 307, 1000, 1000, 1000, 1000, 1000, 1000, 1000, 1000, 1000, 1000, 1000, 1000, 1000, 1000, 1000, 1000, 471, 1000, 1000, 1000, 1000, 1000, 1000, 1000, 1000, 1000, 1000, 1000, 1000], "episode_rewards": [485.0340136054284, -71.97931034482795, 72.13114754098723, -23.38709677419426, 85.53459119496925, -43.52159468438617, 286.2068965517246, -50.15576323987596, -17.177914110429477, 11.864406779660728, 302.2140221402219, 188.8888888888936, 550.7936507936402, 531.7689530685822, 277.2241992882483, 184.67153284672034, 39.61038961039227, 468.62745098038397, -26.003558718859992, -76.82119205298014, 110.93750000000199, 29.032258064517293, 257.1428571428613, 506.45161290321823, 599.9999999999882, 268.4210526315819, 65.44117647059005, 71.14093959731977, 104.62046204620637, 321.24542124541955, 168.2119205298064], "episode_types": ["e", "e", "e", "e", "e", "e", "e", "e", "e", "e", "e", "e", "e", "e", "e", "e", "e", "e", "e", "e", "e", "e", "e", "e", "e", "e", "e", "e", "e", "e", "e"]}