{"initial_reset_timestamp": 1611785316.447281, "timestamps": [1611785714.4087625, 1611785924.596815, 1611786311.88637, 1611786691.9089818, 1611787050.273169, 1611787431.4815812, 1611787813.3860981, 1611788195.9938116, 1611788440.344752, 1611788824.5373294, 1611789205.3417892, 1611789549.088827, 1611789930.4540274, 1611790315.1249585, 1611790698.5452013, 1611790932.6682038, 1611791315.3211653, 1611791697.8578508, 1611792081.3728964, 1611792463.785052, 1611792797.651287, 1611793179.9043236, 1611793561.7631345, 1611793920.8435018, 1611794178.0292356, 1611794561.491284, 1611794795.5143468, 1611795189.1552408, 1611795579.8665833, 1611795973.9063394, 1611796083.7353306, 1611796470.6098373, 1611796856.1829555, 1611797239.5099225, 1611797456.91716, 1611797841.8893807, 1611798226.8486128, 1611798614.3099465, 1611799000.698364, 1611799386.5143247, 1611799812.7262375, 1611800506.0126944, 1611801201.2342696, 1611801903.05002, 1611802603.4992476, 1611803303.440213, 1611803791.7182784, 1611804174.887161, 1611804556.9176097, 1611804938.208703, 1611805202.1927943, 1611805899.0834422, 1611806597.5813272, 1611807296.751962, 1611807998.7180974, 1611808688.9884408, 1611809125.638678, 1611809502.4184458, 1611809879.2970402, 1611810072.4013808, 1611810211.3087924, 1611810589.6520722, 1611810966.4916224, 1611811347.2753072, 1611811736.4770138, 1611812116.817274, 1611812500.9018207, 1611812883.878724, 1611813275.1363657, 1611813665.8657947, 1611814045.3562968, 1611814137.9638863, 1611814322.1967134, 1611814531.105754, 1611814723.3624628, 1611815101.4974263, 1611815480.3773062, 1611815858.3677087, 1611816235.3501832, 1611816613.64452, 1611816991.4513795, 1611817370.2593555, 1611817748.1629233, 1611817933.6691928, 1611818119.1962717, 1611818497.0739343, 1611818874.6236956, 1611819252.24885, 1611819629.5060081, 1611820008.7042024, 1611820386.0827215, 1611820763.9265153, 1611821141.2794154, 1611821518.2460337, 1611821727.0886445, 1611821897.3102176, 1611822059.518718, 1611822436.728319, 1611822814.2612307, 1611823192.383086, 1611823569.4050539, 1611823947.249861, 1611824325.5664103, 1611824703.5725522, 1611825081.6874506, 1611825460.3043602, 1611825560.8371809, 1611825753.2861378, 1611826093.1907415, 1611826471.5644898, 1611826849.2446308, 1611827227.1693294, 1611827606.1480381, 1611827981.8445616, 1611828358.7971652, 1611828736.8773236, 1611828951.5081198, 1611829329.2577791, 1611829707.3798556, 1611830086.7065923, 1611830463.8145294, 1611830841.6081197, 1611831219.0643446, 1611831598.0484278, 1611831976.2414625, 1611832276.2500248, 1611832654.2339191, 1611833034.827935, 1611833412.2476132, 1611833792.3060699, 1611834170.5975497, 1611834548.4482448, 1611834927.5413566, 1611835305.950033, 1611835685.317952, 1611836057.0631402, 1611836437.6764855, 1611836631.689832, 1611837008.1371481, 1611837123.9502897, 1611837232.892109, 1611837612.7170737, 1611837993.042686, 1611838372.766793, 1611838750.1847317, 1611839129.6437626, 1611839508.3326013, 1611839887.3931947, 1611840264.9375522, 1611840643.614143, 1611841022.16394, 1611841400.880401, 1611841779.00941, 1611842157.72643, 1611842533.8050508, 1611842912.7582846, 1611843289.6711683, 1611843667.772619, 1611844046.0442321, 1611844425.5644393, 1611844803.624212, 1611845097.366378, 1611845475.4336286, 1611845752.1997988, 1611846129.6727555, 1611846508.5325015, 1611846886.2448184, 1611847263.3769758, 1611847641.405326, 1611848018.7075603, 1611848398.253105, 1611848776.4806697, 1611849155.0690663, 1611849534.39836, 1611849913.9048743, 1611850292.8606877, 1611850674.8577132, 1611851059.4924445, 1611851449.8682058, 1611851833.7837012, 1611852215.3735542, 1611852596.981688, 1611852885.4578443, 1611853276.3456957, 1611853675.9219718, 1611854076.295869, 1611854475.6364198, 1611854875.5356765, 1611855275.0163212, 1611855674.3617697, 1611856068.9623919, 1611856462.3290713, 1611856858.281571, 1611857108.3017004, 1611857493.991885, 1611857877.919096, 1611858258.4985511, 1611858638.7297971, 1611859023.387485, 1611859406.4216142, 1611859651.1896803, 1611860033.1475773, 1611860414.5657125, 1611860796.4745502, 1611861176.8936534, 1611861557.5102441, 1611861944.6118355, 1611862332.8522553, 1611862724.2834713, 1611863115.0969265, 1611863508.8277576, 1611863894.8907728, 1611864272.662444, 1611864652.767716, 1611865037.926546, 1611865422.94445, 1611865535.6748154, 1611865716.61207, 1611866100.787507, 1611866311.6790187, 1611866695.7434757, 1611867080.1088157, 1611867463.9017227, 1611867565.3383305, 1611867962.4354706, 1611868371.7711227, 1611868784.7810895, 1611868999.1774883, 1611869418.3511152, 1611869839.249603, 1611870261.731019, 1611870537.4389045, 1611870941.0097737, 1611871340.9259458, 1611871608.3658442, 1611872005.6629286, 1611872401.2782638, 1611872796.656957, 1611873193.522749, 1611873590.8447607, 1611873987.8649685, 1611874386.857425, 1611874785.0989938, 1611875012.725516, 1611875409.7569146, 1611875805.2686431, 1611876201.462816, 1611876596.782108, 1611877005.734847, 1611877416.46037], "episode_lengths": [1000, 541, 1000, 1000, 925, 1000, 1000, 1000, 617, 1000, 1000, 899, 1000, 1000, 1000, 617, 1000, 1000, 1000, 1000, 879, 1000, 1000, 930, 671, 1000, 610, 1000, 1000, 1000, 288, 1000, 1000, 1000, 574, 1000, 1000, 1000, 1000, 1000, 1000, 1000, 1000, 1000, 1000, 1000, 1000, 1000, 1000, 1000, 472, 1000, 1000, 1000, 1000, 1000, 1000, 1000, 1000, 520, 379, 1000, 1000, 1000, 1000, 1000, 1000, 1000, 1000, 1000, 1000, 248, 483, 560, 517, 1000, 1000, 1000, 1000, 1000, 1000, 1000, 1000, 496, 490, 1000, 984, 1000, 1000, 1000, 1000, 1000, 1000, 1000, 548, 458, 429, 1000, 1000, 1000, 1000, 1000, 1000, 1000, 1000, 1000, 266, 517, 885, 1000, 1000, 1000, 1000, 1000, 1000, 1000, 562, 1000, 1000, 1000, 1000, 1000, 1000, 1000, 1000, 767, 1000, 1000, 1000, 1000, 1000, 1000, 1000, 1000, 1000, 972, 1000, 510, 1000, 306, 287, 1000, 1000, 1000, 1000, 1000, 1000, 1000, 1000, 1000, 1000, 1000, 1000, 1000, 1000, 1000, 1000, 1000, 1000, 1000, 1000, 764, 1000, 729, 1000, 1000, 1000, 1000, 1000, 1000, 1000, 1000, 1000, 1000, 1000, 1000, 1000, 1000, 1000, 1000, 1000, 1000, 760, 1000, 1000, 1000, 1000, 1000, 1000, 1000, 1000, 1000, 1000, 624, 1000, 1000, 1000, 1000, 1000, 1000, 625, 1000, 1000, 1000, 1000, 1000, 1000, 1000, 1000, 1000, 1000, 1000, 1000, 1000, 1000, 1000, 291, 475, 1000, 546, 1000, 1000, 1000, 277, 1000, 1000, 1000, 520, 1000, 1000, 1000, 672, 1000, 1000, 678, 1000, 1000, 1000, 1000, 1000, 1000, 1000, 1000, 577, 1000, 1000, 1000, 1000, 1000, 1000],