{"initial_reset_timestamp": 1611385309.981272, "timestamps": [1611385334.0993931], "episode_lengths": [1000], "episode_rewards": [100.00000000000492], "episode_types": ["e"]}