{"initial_reset_timestamp": 1611440938.2277, "timestamps": [1611440982.2733424, 1611441027.2033815, 1611441057.9985366, 1611441088.0860987, 1611441118.1488168, 1611441148.8478818, 1611441162.746845, 1611441194.4116254, 1611441236.6440177, 1611441267.5993195, 1611441298.3270779, 1611441329.8590207, 1611441360.759568, 1611441392.011675, 1611441423.3900442, 1611441454.272605, 1611441485.708913, 1611441516.7948058, 1611441547.8737488, 1611441578.4218223, 1611441608.6273038, 1611441614.5886931, 1611441644.7870803, 1611441675.1164849, 1611441705.7050936, 1611441735.5639353, 1611441767.0069494, 1611441807.774165, 1611441838.7499084, 1611441869.5666943, 1611441900.754132], "episode_lengths": [1000, 1000, 1000, 1000, 1000, 959, 429, 1000, 1000, 1000, 1000, 1000, 1000, 1000, 1000, 1000, 1000, 1000, 1000, 1000, 1000, 190, 1000, 1000, 1000, 1000, 1000, 1000, 1000, 1000, 1000], "episode_rewards": [338.94389438942954, -55.01730103806306, -63.3027522935788, 185.71428571429044, 95.74468085106875, 382.273089700984, -73.61761006289356, -77.2727272727271, 585.7142857142735, 68.49816849817105, -85.9154929577459, 396.52777777777214, -24.9249249249256, 90.93851132686387, 278.69822485207453, 20.805369127518716, 489.4039735099265, 178.5234899328895, 169.23076923077255, 162.97577854671624, 264.9122807017557, 22.442756183746013, 685.185185185173, 250.87719298245932, 464.66876971607763, 379.55390334572047, 344.8051948051876, 388.5245901639299, 32.91139240506465, 622.4080267558406, 736.2989323843314], "episode_types": ["e", "e", "e", "e", "e", "e", "e", "e", "e", "e", "e", "e", "e", "e", "e", "e", "e", "e", "e", "e", "e", "e", "e", "e", "e", "e", "e", "e", "e", "e", "e"]}