{"initial_reset_timestamp": 1611785263.348627, "timestamps": [1611785650.1283708, 1611786044.783737, 1611786423.6987174, 1611786718.6283903, 1611787099.0750191, 1611787480.421744, 1611787862.5942852, 1611788245.3127651, 1611788640.720022, 1611789021.6411188, 1611789401.3919168, 1611789783.6597385, 1611790164.987765, 1611790545.5541108, 1611790928.9029474, 1611791313.9803793, 1611791696.6331003, 1611792079.2379785, 1611792462.306898, 1611792844.9373066, 1611793227.9663134, 1611793609.4501235, 1611793990.8957407, 1611794374.504537, 1611794756.970815, 1611795141.7610056, 1611795530.4737952, 1611795932.3440928, 1611796315.7423468, 1611796702.1379402, 1611797085.841405, 1611797466.2755902, 1611797850.4855475, 1611798235.7582235, 1611798623.001476, 1611799010.4458563, 1611799396.9738762, 1611799833.1892188, 1611800529.5900233, 1611801225.748812, 1611801929.5349, 1611802629.5024981, 1611803333.8478978, 1611803809.093988, 1611804189.952773, 1611804572.041944, 1611804952.6302676, 1611805597.2445972, 1611806292.5434988, 1611806991.8384094, 1611807688.1365535, 1611808387.6536999, 1611808959.5302968, 1611809335.6977682, 1611809712.3804421, 1611810089.3191767, 1611810465.1222649, 1611810841.6291254, 1611811220.499438, 1611811601.3570023, 1611811978.7508812, 1611812358.4603279, 1611812742.2180226, 1611813129.2747352, 1611813529.7768893, 1611813910.5052967, 1611814287.9130504, 1611814665.4859142, 1611815041.388472, 1611815417.8872228, 1611815793.943458, 1611816171.3566942, 1611816548.249175, 1611816926.5299916, 1611817303.0802948, 1611817680.8726785, 1611818058.6043751, 1611818435.5371318, 1611818812.1653876, 1611819188.3467622, 1611819565.9296167, 1611819942.9893465, 1611820319.6371636, 1611820695.9025354, 1611821073.2169833, 1611821449.1990676, 1611821827.6301193, 1611822205.1734564, 1611822581.0898497, 1611822956.580742, 1611823334.1832068, 1611823711.5546284, 1611824088.503301, 1611824464.6439896, 1611824842.4281197, 1611825220.1884365, 1611825595.9002526, 1611825971.4953039, 1611826348.6772563, 1611826725.2748022, 1611827102.2492945, 1611827479.2298698, 1611827857.0022962, 1611828235.643492, 1611828611.8706913, 1611828989.3660145, 1611829366.5443652, 1611829744.4759917, 1611830122.9310608, 1611830498.1849172, 1611830874.661457, 1611831251.027574, 1611831628.7638922, 1611832006.3307977, 1611832384.798104, 1611832761.96759, 1611833140.2231283, 1611833517.9861786, 1611833896.6520083, 1611834274.6658056, 1611834652.5799675, 1611835029.349826, 1611835407.4712162, 1611835785.966438, 1611836166.1430366, 1611836555.102726, 1611836932.1821136, 1611837311.5772543, 1611837690.9735076, 1611838068.6818697, 1611838447.2741091, 1611838823.5682404, 1611839201.1512756, 1611839577.6391206, 1611839954.4525032, 1611840332.3024595, 1611840708.0384872, 1611841085.2764623, 1611841464.002449, 1611841840.6547825, 1611842218.2250366, 1611842596.3487935, 1611842972.252547, 1611843349.5305188, 1611843726.3418074, 1611844104.5778348, 1611844480.3215673, 1611844857.273097, 1611845235.7664828, 1611845612.6302767, 1611845991.105484, 1611846368.1584435, 1611846746.8295894, 1611847123.8739295, 1611847501.3016965, 1611847877.2957547, 1611848254.2546144, 1611848631.9596562, 1611849009.6396863, 1611849387.5143552, 1611849766.2113442, 1611850146.2379262, 1611850524.1554782, 1611850905.3921344, 1611851291.6786466, 1611851679.0776775, 1611852058.6026244, 1611852435.3094327, 1611852816.3289156, 1611853203.9467075, 1611853603.010526, 1611854001.06721, 1611854399.1245637, 1611854799.1167336, 1611855198.4173408, 1611855596.2850344, 1611855993.9291694, 1611856388.2864847, 1611856781.477505, 1611857178.5486124, 1611857560.4191465, 1611857943.132023, 1611858322.57747, 1611858702.0107026, 1611859085.5877407, 1611859467.832405, 1611859850.668995, 1611860232.7092497, 1611860612.6533506, 1611860991.213632, 1611861371.1390593, 1611861754.4930854, 1611862137.8327775, 1611862527.6460226, 1611862917.887528, 1611863309.4911444, 1611863700.5840576, 1611864080.0662966, 1611864460.1933908, 1611864843.31836, 1611865227.4680967, 1611865612.9093878, 1611865996.1310973, 1611866380.0275407, 1611866761.5957184, 1611867144.2179985, 1611867527.3787956, 1611867920.8422368, 1611868329.8548048, 1611868743.9422214, 1611869162.0819664, 1611869577.6724145, 1611869998.9136658, 1611870415.796624, 1611870815.7382724, 1611871216.9016788, 1611871624.306181, 1611872021.4713385, 1611872417.1468513, 1611872812.247666, 1611873207.8356533, 1611873604.1486433, 1611874001.0206544, 1611874398.2229257, 1611874796.1732652, 1611875190.6530192, 1611875586.6530607, 1611875983.9644759, 1611876378.1081214, 1611876778.482854, 1611877187.973686, 1611877602.9052608, 1611878049.1656098, 1611878497.9036338, 1611878942.976428, 1611879359.1903698, 1611879770.502225, 1611880138.8483522, 1611880480.7523162, 1611880824.2074587, 1611881170.0061462, 1611881526.317229, 1611881866.4762003, 1611882189.1945355, 1611882497.4768045, 1611882812.7656953, 1611883133.827901, 1611883454.88959, 1611883806.4378662, 1611884160.77276], "episode_lengths": [1000, 1000, 1000, 779, 1000, 1000, 1000, 1000, 1000, 1000, 1000, 1000, 1000, 1000, 1000, 1000, 1000, 1000, 1000, 1000, 1000, 1000, 1000, 1000, 1000, 1000, 1000, 1000, 1000, 1000, 1000, 1000, 1000, 1000, 1000, 1000, 1000, 1000, 1000, 1000, 1000, 1000, 1000, 1000, 1000, 1000, 1000, 1000, 1000, 1000, 1000, 1000, 1000, 1000, 1000, 1000, 1000, 1000, 1000, 1000, 1000, 1000, 1000, 1000, 1000, 1000, 1000, 1000, 1000, 1000, 1000, 1000, 1000, 1000, 1000, 1000, 1000, 1000, 1000, 1000, 1000, 1000, 1000, 1000, 1000, 1000, 1000, 1000, 1000, 1000, 1000, 1000, 1000, 1000, 1000, 1000, 1000, 1000, 1000, 1000, 1000, 1000, 1000, 1000, 1000, 1000, 1000, 1000, 1000, 1000, 1000, 1000, 1000, 1000, 1000, 1000, 1000, 1000, 1000, 1000, 1000, 1000, 1000, 1000, 1000, 1000, 1000, 1000, 1000, 1000, 1000, 1000, 1000, 1000, 1000, 1000, 1000, 1000, 1000, 1000, 1000, 1000, 1000, 1000, 1000, 1000, 1000, 1000, 1000, 1000, 1000, 1000, 1000, 1000, 1000, 1000, 1000, 1000, 1000, 1000, 1000, 1000, 1000, 1000, 1000, 1000, 1000, 1000, 1000, 1000, 1000, 1000, 1000, 1000, 1000, 1000, 1000, 1000, 1000, 1000, 1000, 1000, 1000, 1000, 1000, 1000, 1000, 1000, 1000, 1000, 1000, 1000, 1000, 1000, 1000, 1000, 1000, 1000, 1000, 1000, 1000, 1000, 1000, 1000, 1000, 1000, 1000, 1000, 1000, 1000, 1000, 1000, 1000, 1000, 1000, 1000, 1000, 1000, 1000, 1000, 1000, 1000, 1000, 1000, 1000, 1000, 1000, 1000, 1000, 1000, 1000, 1000, 1000, 1000, 1000, 1000, 1000, 1000, 1000, 1000, 1000, 1000, 1000, 1000, 1000, 1000, 1000, 1000, 1000, 1000],