{"initial_reset_timestamp": 1611380437.9843488, "timestamps": [1611380462.1835408], "episode_lengths": [1000], "episode_rewards": [688.8446215139365], "episode_types": ["e"]}