{"initial_reset_timestamp": 1611940893.9282317, "timestamps": [1611940945.556661, 1611940997.9611838, 1611941032.9021714, 1611941068.7095, 1611941103.8261209, 1611941139.939756, 1611941177.2850275, 1611941214.2051742, 1611941234.4181724, 1611941273.5714066, 1611941309.705554, 1611941345.7558398, 1611941381.8785868, 1611941417.516099, 1611941453.7304482, 1611941489.5772216, 1611941526.021694, 1611941561.8068871, 1611941597.6938598, 1611941617.9762676, 1611941653.8173661, 1611941681.3684561, 1611941717.6843464, 1611941753.396341, 1611941789.9517987, 1611941825.7564876, 1611941862.191754, 1611941910.72519, 1611941949.4711308, 1611941976.813793, 1611942011.5388792], "episode_lengths": [1000, 1000, 1000, 1000, 1000, 1000, 1000, 1000, 386, 1000, 1000, 1000, 1000, 1000, 1000, 1000, 1000, 1000, 1000, 571, 1000, 772, 1000, 1000, 1000, 1000, 1000, 1000, 1000, 750, 1000], "episode_rewards": [337.72241992882533, 52.02702702702847, -54.09836065573843, 361.27946127945717, 154.29553264605096, 140.67796610169722, 176.4505119453971, 881.5498154981426, -56.14705882352919, 264.86486486486695, 166.4473684210575, 45.390070921984794, 19.354838709676145, -49.66442953020207, 320.8860759493656, 33.33333333333248, -20.79207920792088, 274.23312883435653, 217.56756756756445, 366.6363636363567, 131.54362416107614, -99.36148409894065, 299.36102236421743, 302.09790209789725, 228.7671232876745, 99.32432432432853, 306.4516129032131, 77.70034843205572, 72.41379310345349, 234.87443609021847, -10.958904109589719], "episode_types": ["e", "e", "e", "e", "e", "e", "e", "e", "e", "e", "e", "e", "e", "e", "e", "e", "e", "e", "e", "e", "e", "e", "e", "e", "e", "e", "e", "e", "e", "e", "e"]}