{"initial_reset_timestamp": 1611940891.483278, "timestamps": [1611940942.8505719, 1611940995.1421747, 1611941029.8616655, 1611941064.8521004, 1611941100.2270546, 1611941136.1138494, 1611941174.0175736, 1611941211.491989, 1611941264.5101397, 1611941300.7111845, 1611941336.1768632, 1611941371.6725957, 1611941407.9679854, 1611941426.8740444, 1611941437.4611313, 1611941473.7407043, 1611941509.439679, 1611941545.2750032, 1611941580.9557786, 1611941616.95836, 1611941652.450878, 1611941688.6252284, 1611941724.8657167, 1611941760.7973247, 1611941797.9209044, 1611941833.751601, 1611941870.4852605, 1611941919.7914314, 1611941957.8876598, 1611941993.2933311, 1611942025.312327], "episode_lengths": [1000, 1000, 1000, 1000, 1000, 1000, 1000, 1000, 1000, 1000, 1000, 1000, 1000, 516, 288, 1000, 1000, 1000, 1000, 1000, 1000, 1000, 1000, 1000, 1000, 1000, 1000, 1000, 1000, 1000, 1000], "episode_rewards": [339.3939393939233, -71.87500000000017, -52.205882352941956, 4.877487302934469e-13, -16.9435215946845, -38.35616438356195, -30.795847750865132, -29.76588628762549, -26.73992673992714, 99.1701244813307, 394.1634241244983, 83.94648829431887, 277.4193548387104, 13.516501650166148, -19.32499999999881, 387.09677419353915, -55.056179775281684, 5.802047781568977, 177.56653992395965, 745.6140350877005, 217.07317073171234, -60.396039603961356, 368.4385382059805, 257.14285714286063, 342.57703081232233, -25.000000000000743, 255.76923076923472, 444.85049833886154, -10.891089108910675, 266.1016949152477, 246.15384615383638], "episode_types": ["e", "e", "e", "e", "e", "e", "e", "e", "e", "e", "e", "e", "e", "e", "e", "e", "e", "e", "e", "e", "e", "e", "e", "e", "e", "e", "e", "e", "e", "e", "e"]}