{"initial_reset_timestamp": 1612011342.141577, "timestamps": [1612011392.4236505, 1612011443.3477807, 1612011478.5012639, 1612011513.824775, 1612011548.7777631, 1612011584.4751847, 1612011621.2892118, 1612011659.3184016, 1612011709.7893112, 1612011745.1225908, 1612011781.2845252, 1612011817.0318115, 1612011852.0660753, 1612011871.0283675, 1612011906.1733305, 1612011942.1498125, 1612011977.2751715, 1612012013.0589535, 1612012048.331658, 1612012084.1810472, 1612012119.8685675, 1612012154.7010632, 1612012190.1026816, 1612012225.6936562, 1612012260.6081097, 1612012297.0813599, 1612012335.4587355, 1612012381.8359842, 1612012416.6636798, 1612012453.0700536, 1612012492.4588122], "episode_lengths": [1000, 1000, 1000, 1000, 1000, 1000, 1000, 1000, 1000, 1000, 1000, 1000, 1000, 545, 1000, 1000, 1000, 1000, 1000, 1000, 1000, 1000, 1000, 1000, 1000, 1000, 1000, 1000, 1000, 1000, 1000], "episode_rewards": [618.7499999999843, -11.439114391143793, 25.423728813559094, 248.38709677419695, 453.4351145038158, 11.11111111111094, 56.363636363638484, 244.82758620689913, 127.11864406780114, -28.813559322034475, -49.832775919733045, -75.26501766784426, 313.6690647481964, -48.087707641195784, 287.2053872053884, -85.61151079136629, 323.61111111110677, 168.70748299320036, 313.4275618374543, 589.542483660116, 233.33333333333707, 87.73946360153307, 368.0851063829686, 36.690647482013496, 521.1604095563027, 262.80487804878436, 189.65517241379652, 1.8867924528309752, 58.91472868217466, 268.7499999999945, 615.7534246575215], "episode_types": ["e", "e", "e", "e", "e", "e", "e", "e", "e", "e", "e", "e", "e", "e", "e", "e", "e", "e", "e", "e", "e", "e", "e", "e", "e", "e", "e", "e", "e", "e", "e"]}