{"initial_reset_timestamp": 1611785316.4013288, "timestamps": [1611785711.64384, 1611786102.8094883, 1611786478.8448136, 1611786857.993455, 1611787237.2639258, 1611787617.197587, 1611787951.4338355, 1611788137.9076633, 1611788533.897945, 1611788914.4590786, 1611789292.3729334, 1611789672.2448375, 1611790051.3488712, 1611790433.0338993, 1611790812.5636485, 1611791193.938633, 1611791574.2409894, 1611791954.5837834, 1611792335.0119264, 1611792716.0359688, 1611793089.6890683, 1611793471.3429985, 1611793852.638099, 1611794000.6812434, 1611794381.1722674, 1611794762.2595518, 1611795145.7540853, 1611795542.5944226, 1611795936.584652, 1611796318.8742142, 1611796704.3827238, 1611797087.45483, 1611797467.3858473, 1611797848.549875, 1611798234.1360579, 1611798619.996648, 1611799005.6285267, 1611799390.3734648, 1611799817.959241, 1611800513.4383037, 1611801206.0110664, 1611801908.851357, 1611802606.7238514, 1611803304.8012352, 1611803791.67605, 1611803939.1184654, 1611804109.3580172, 1611804489.7421985, 1611804848.0579593, 1611805418.5055587, 1611806115.6413143, 1611806813.9447188, 1611807510.2371576, 1611808208.4179256, 1611808860.8623793, 1611809236.6122055, 1611809612.8474765, 1611809986.7375834, 1611810363.1831496, 1611810740.1996605, 1611811114.552145, 1611811492.50586, 1611811869.3411398, 1611812245.9915829, 1611812638.2653334, 1611813022.2526555, 1611813228.6566405, 1611813617.973634, 1611813994.281129, 1611814369.041466, 1611814747.3491347, 1611815122.960623, 1611815499.3703606, 1611815874.5564387, 1611816249.214851, 1611816624.722955, 1611816998.4770584, 1611817374.1844726, 1611817749.1278906, 1611818125.6171865, 1611818501.7246284, 1611818776.891812, 1611819152.8690288, 1611819528.993245, 1611819904.561176, 1611820278.9897308, 1611820655.6154392, 1611821031.4408207, 1611821409.0623832, 1611821785.5169308, 1611822046.2415347, 1611822421.4839785, 1611822797.8381424, 1611823034.814966, 1611823410.3508875, 1611823784.9726489, 1611824160.5259683, 1611824536.5015454, 1611824911.9651833, 1611825286.6868725, 1611825652.5785313, 1611826030.087052, 1611826405.6692865, 1611826780.5905461, 1611827157.0182889, 1611827531.512313, 1611827907.3797185, 1611828275.417573, 1611828650.2955267, 1611828926.9085076, 1611829302.3689287, 1611829660.4602878, 1611830035.759643, 1611830410.956641, 1611830610.0899942, 1611830817.9561937, 1611831194.7732754, 1611831569.448944, 1611831945.2885332, 1611832322.0892792, 1611832699.297904, 1611833014.0664423, 1611833389.6719925, 1611833766.7933137, 1611834144.129672, 1611834530.596615, 1611834905.9161313, 1611835281.6072366, 1611835656.6508632, 1611836032.2510135, 1611836408.6528282, 1611836785.1718779, 1611837161.711165, 1611837538.627971, 1611837917.0161648, 1611838291.7498627, 1611838667.5227582, 1611839043.6777215, 1611839417.396927, 1611839792.538249, 1611840160.5568402, 1611840536.0710063, 1611840903.756916, 1611841280.2024446, 1611841655.8942146, 1611842031.324373, 1611842407.5055373, 1611842782.466393, 1611843157.4381294, 1611843532.139842, 1611843738.9583123, 1611844113.9954233, 1611844489.397687, 1611844863.6610296, 1611845239.5628703, 1611845614.4822023, 1611845989.6345377, 1611846365.7457576, 1611846740.6493368, 1611847117.2245457, 1611847492.1583655, 1611847868.7408268, 1611848244.0733895, 1611848618.4658964, 1611848994.4701698, 1611849371.3991358, 1611849748.8210363, 1611850125.2720325, 1611850501.719535, 1611850881.7219431, 1611851266.5026724, 1611851652.2528622, 1611852029.8728855, 1611852408.462256, 1611852786.1472948, 1611853171.8992605, 1611853566.886087, 1611853961.8647254, 1611854357.1507993, 1611854753.8193069, 1611855149.9552987, 1611855545.4677393, 1611855941.2125373, 1611856332.746821, 1611856724.2343922, 1611857119.566804, 1611857501.8339534, 1611857885.4027002, 1611858262.5458982, 1611858639.5126698, 1611858973.6322794, 1611859352.106767, 1611859736.3806255, 1611860116.0830688, 1611860494.7848954, 1611860794.9519172, 1611861173.264921, 1611861550.8236735, 1611861667.612249, 1611862048.3538299, 1611862246.2989619, 1611862356.4866252, 1611862745.3133159, 1611862999.0563815, 1611863380.3566034, 1611863572.0349398, 1611863953.7828884, 1611864330.092836, 1611864709.04484, 1611865091.246984, 1611865472.7142618, 1611865852.6988156, 1611866234.9749503, 1611866615.1538947, 1611866996.6602235, 1611867377.2484686, 1611867769.9513307, 1611868174.3928618, 1611868547.0664854, 1611868959.9708412, 1611869375.5224822, 1611869790.7492669, 1611870209.1705515, 1611870614.7854443, 1611870727.9820266, 1611870858.6345758, 1611871160.7971616, 1611871557.558778, 1611871954.3707564, 1611872348.9766805, 1611872741.9769828, 1611873135.279338, 1611873529.704994, 1611873925.0692923, 1611874320.313314, 1611874713.3648984, 1611875108.4865134, 1611875504.1861076, 1611875898.5140107, 1611876291.5719562, 1611876687.8721168, 1611877096.3950071, 1611877296.4613366, 1611877719.1020954, 1611878166.3475254, 1611878610.4847274, 1611879050.5506525, 1611879459.8835115, 1611879867.8185081, 1611880220.322212], "episode_lengths": [1000, 1000, 1000, 1000, 1000, 1000, 864, 482, 1000, 1000, 1000, 1000, 1000, 1000, 1000, 1000, 1000, 1000, 1000, 1000, 978, 1000, 1000, 388, 1000, 1000, 1000, 1000, 1000, 1000, 1000, 1000, 1000, 1000, 1000, 1000, 1000, 1000, 1000, 1000, 1000, 1000, 1000, 1000, 1000, 399, 449, 1000, 941, 1000, 1000, 1000, 1000, 1000, 1000, 1000, 1000, 1000, 1000, 1000, 1000, 1000, 1000, 1000, 1000, 1000, 539, 1000, 1000, 1000, 1000, 1000, 1000, 1000, 990, 1000, 1000, 1000, 1000, 1000, 1000, 738, 1000, 1000, 1000, 1000, 1000, 1000, 1000, 1000, 700, 1000, 1000, 630, 1000, 1000, 1000, 1000, 1000, 1000, 967, 1000, 1000, 1000, 1000, 1000, 1000, 966, 1000, 724, 1000, 949, 1000, 1000, 527, 558, 1000, 1000, 1000, 1000, 1000, 838, 1000, 1000, 1000, 1000, 1000, 1000, 1000, 1000, 1000, 1000, 1000, 1000, 1000, 1000, 1000, 1000, 1000, 1000, 977, 1000, 971, 1000, 1000, 1000, 1000, 1000, 1000, 1000, 549, 1000, 1000, 1000, 1000, 1000, 1000, 1000, 1000, 1000, 1000, 1000, 1000, 1000, 1000, 1000, 1000, 1000, 1000, 1000, 1000, 1000, 1000, 1000, 1000, 1000, 1000, 1000, 1000, 1000, 1000, 1000, 1000, 1000, 1000, 1000, 1000, 1000, 1000, 1000, 864, 1000, 1000, 1000, 1000, 798, 1000, 1000, 313, 1000, 517, 289, 1000, 653, 964, 497, 1000, 1000, 1000, 1000, 1000, 1000, 1000, 1000, 1000, 1000, 1000, 1000, 904, 1000, 1000, 1000, 1000, 1000, 287, 329, 757, 1000, 1000, 1000, 992, 1000, 1000, 1000, 1000, 1000, 1000, 1000, 1000, 1000, 1000, 1000, 489, 1000, 1000, 1000, 1000, 1000, 1000, 1000],