{"initial_reset_timestamp": 1612011339.8853307, "timestamps": [1612011389.0524266, 1612011439.140409, 1612011474.1224618, 1612011485.9304054, 1612011520.504424, 1612011555.4666169, 1612011592.273991, 1612011629.7512014, 1612011678.8540087, 1612011717.2863204, 1612011753.374271, 1612011789.4442756, 1612011813.121261, 1612011848.4850574, 1612011884.0591416, 1612011920.0470493, 1612011955.4557405, 1612011990.6012862, 1612012026.1380389, 1612012062.845031, 1612012098.85628, 1612012134.450303, 1612012169.6501122, 1612012204.5247707, 1612012219.1051714, 1612012254.9220183, 1612012290.5633767, 1612012339.8105671, 1612012375.78887, 1612012410.6407368, 1612012446.59984], "episode_lengths": [1000, 1000, 1000, 322, 1000, 1000, 1000, 1000, 1000, 1000, 1000, 1000, 681, 1000, 1000, 1000, 1000, 1000, 1000, 1000, 1000, 1000, 1000, 1000, 393, 1000, 1000, 1000, 1000, 1000, 1000], "episode_rewards": [220.7547169811261, -42.446043165468375, -43.7869822485215, -69.60000000000034, 231.89655172414368, -13.35740072202205, 457.25190839693965, 35.22012578616388, -71.53024911032068, -54.38596491228119, -46.30872483221536, -65.87030716723599, -82.06250000000045, -65.8703071672362, -66.66666666666733, -70.779220779221, -61.403508771930376, 3.8461538461532383, 245.58823529412246, 98.01980198020202, 256.0371517027904, -69.89966555183986, 809.7472924187625, 195.08196721311924, -24.721885521883948, -4.615384615384739, 241.81818181818522, 385.18518518518437, -17.266187050359772, -21.933085501859356, -39.393939393940116], "episode_types": ["e", "e", "e", "e", "e", "e", "e", "e", "e", "e", "e", "e", "e", "e", "e", "e", "e", "e", "e", "e", "e", "e", "e", "e", "e", "e", "e", "e", "e", "e", "e"]}