{"initial_reset_timestamp": 1611785263.3959103, "timestamps": [1611785647.264433, 1611786037.7027478, 1611786413.3833215, 1611786789.8611276, 1611787167.399876, 1611787545.3997295, 1611787832.3055334, 1611788210.9556172, 1611788411.7518868, 1611788792.9723094, 1611789116.8745706, 1611789494.8294804, 1611789872.8620293, 1611790251.8930833, 1611790630.9539492, 1611791011.3446546, 1611791390.601047, 1611791769.7558901, 1611792070.5264316, 1611792450.9013877, 1611792831.373263, 1611793209.5571482, 1611793591.2189138, 1611793969.0594218, 1611794349.1524916, 1611794728.5098355, 1611795110.290041, 1611795504.6939235, 1611795879.5898838, 1611796259.5714958, 1611796643.206771, 1611797025.7299693, 1611797402.9924357, 1611797784.6338744, 1611798165.9504251, 1611798549.8888333, 1611798934.1891048, 1611799315.9339225, 1611799700.6163664, 1611800374.238352, 1611801066.2849994, 1611801762.0834956, 1611802463.3943367, 1611802722.436412, 1611803416.2574348, 1611803850.6802065, 1611804230.4168825, 1611804609.1962862, 1611804987.4828467, 1611805661.372846, 1611806357.4392054, 1611807056.052843, 1611807750.8659415, 1611808446.3268056, 1611808990.0681548, 1611809363.8091252, 1611809738.5570445, 1611810112.5569987, 1611810487.3323727, 1611810861.4919014, 1611811237.3896377, 1611811615.7129264, 1611811990.8314195, 1611812368.4367373, 1611812759.4419563, 1611813144.0999334, 1611813533.4691546, 1611813911.2560153, 1611814285.940452, 1611814660.40472, 1611815034.017834, 1611815409.435602, 1611815782.9949377, 1611816158.0105724, 1611816531.4097817, 1611816905.166215, 1611817247.796237, 1611817622.7025414, 1611817997.6788664, 1611818371.1682696, 1611818746.7503076, 1611819121.6540394, 1611819495.842088, 1611819870.0297925, 1611820244.4732392, 1611820617.646196, 1611820991.6067746, 1611821365.7354841, 1611821739.0680382, 1611822112.147382, 1611822486.4030151, 1611822861.7522514, 1611823236.0148327, 1611823510.257716, 1611823883.3740191, 1611824257.9175115, 1611824631.902246, 1611825004.8903737, 1611825380.251075, 1611825754.684531, 1611826129.5117235, 1611826504.5765018, 1611826879.6614435, 1611827253.4342823, 1611827628.8857508, 1611828003.6452498, 1611828378.2977939, 1611828751.4860446, 1611829124.9358144, 1611829498.0312648, 1611829872.6844552, 1611830248.1445572, 1611830622.0915732, 1611830997.2019806, 1611831371.668723, 1611831746.2131333, 1611832121.645903, 1611832495.5693145, 1611832870.8934963, 1611833245.8112605, 1611833622.0315676, 1611833997.8244035, 1611834374.0641131, 1611834748.8411117, 1611835123.3559935, 1611835508.2772245, 1611835884.423449, 1611836261.2171195, 1611836638.475478, 1611837012.077421, 1611837388.0561426, 1611837762.5769227, 1611838138.7317214, 1611838512.9651544, 1611838885.7102232, 1611839260.5663571, 1611839634.7523732, 1611840008.320108, 1611840383.2161393, 1611840758.5142145, 1611841133.7448914, 1611841507.5845788, 1611841880.9447699, 1611842255.1062582, 1611842629.143118, 1611843004.1906385, 1611843379.4143105, 1611843754.771894, 1611844128.644462, 1611844502.7347383, 1611844877.7686622, 1611845253.7262669, 1611845628.882358, 1611846003.0570855, 1611846377.821231, 1611846751.5487082, 1611847126.3288887, 1611847500.5395467, 1611847874.8689055, 1611848249.9333606, 1611848624.187047, 1611848999.7299356, 1611849374.294921, 1611849749.6378243, 1611850124.079074, 1611850498.1340837, 1611850877.7322178, 1611851261.29123, 1611851646.0539787, 1611852024.152334, 1611852401.371855, 1611852778.252848, 1611853163.6082819, 1611853558.6368556, 1611853953.352527, 1611854348.8169968, 1611854743.4393148, 1611855136.2689216, 1611855531.0091205, 1611855924.2485552, 1611856314.078641, 1611856705.845015, 1611857098.6689026, 1611857480.7238264, 1611857861.3484228, 1611858239.1351895, 1611858615.7050595, 1611858996.21812, 1611859374.315407, 1611859755.086057, 1611860134.4935615, 1611860511.496717, 1611860888.5639172, 1611861265.4465652, 1611861643.6364584, 1611862025.814019, 1611862413.548125, 1611862800.639575, 1611863189.0328863, 1611863578.363442, 1611863958.4960697, 1611864335.837368, 1611864713.0443404, 1611865096.0597832, 1611865478.300509, 1611865856.9473498, 1611866238.9045482, 1611866618.5218005, 1611866999.3522034, 1611867379.2333484, 1611867761.735684, 1611868166.0804968, 1611868572.4091027, 1611868985.4315763, 1611869400.04869, 1611869815.168552, 1611870243.3315167, 1611870646.4491625, 1611871044.965242, 1611871440.7327855, 1611871837.2658322, 1611872229.7738194, 1611872623.8039293, 1611873017.2015135, 1611873410.5028849, 1611873804.6182458, 1611874196.8521867, 1611874589.7783406, 1611874983.2701921, 1611875377.595233, 1611875770.8182359, 1611876165.826801, 1611876558.7845566, 1611876964.509955, 1611877371.9255478, 1611877799.6076384, 1611878245.5607588, 1611878691.19306, 1611879124.1722906, 1611879531.3293824, 1611879933.695872, 1611880276.9633758, 1611880619.010028, 1611880961.554248, 1611881309.1005957, 1611881660.7417126, 1611881990.6442025, 1611882301.9319298, 1611882607.95507, 1611882924.3344538], "episode_lengths": [1000, 1000, 1000, 1000, 1000, 1000, 759, 1000, 511, 1000, 853, 1000, 1000, 1000, 1000, 1000, 1000, 1000, 789, 1000, 1000, 1000, 1000, 1000, 1000, 1000, 1000, 1000, 959, 1000, 1000, 1000, 1000, 1000, 1000, 1000, 1000, 1000, 1000, 1000, 1000, 1000, 1000, 372, 1000, 1000, 1000, 1000, 1000, 1000, 1000, 1000, 1000, 1000, 1000, 1000, 1000, 1000, 1000, 1000, 1000, 1000, 1000, 1000, 1000, 1000, 1000, 1000, 1000, 1000, 1000, 1000, 1000, 1000, 1000, 1000, 912, 1000, 1000, 1000, 1000, 1000, 1000, 1000, 1000, 1000, 1000, 1000, 1000, 1000, 1000, 1000, 1000, 727, 1000, 1000, 1000, 1000, 1000, 1000, 1000, 1000, 1000, 1000, 1000, 1000, 1000, 1000, 1000, 1000, 1000, 1000, 1000, 1000, 1000, 1000, 1000, 1000, 1000, 1000, 1000, 1000, 1000, 1000, 1000, 1000, 1000, 1000, 1000, 1000, 1000, 1000, 1000, 1000, 1000, 1000, 1000, 1000, 1000, 1000, 1000, 1000, 1000, 1000, 1000, 1000, 1000, 1000, 1000, 1000, 1000, 1000, 1000, 1000, 1000, 1000, 1000, 1000, 1000, 1000, 1000, 1000, 1000, 1000, 1000, 1000, 1000, 1000, 1000, 1000, 1000, 1000, 1000, 1000, 1000, 1000, 1000, 1000, 1000, 1000, 1000, 1000, 1000, 1000, 1000, 1000, 1000, 1000, 1000, 1000, 1000, 1000, 1000, 1000, 1000, 1000, 1000, 1000, 1000, 1000, 1000, 1000, 1000, 1000, 1000, 1000, 1000, 1000, 1000, 1000, 1000, 1000, 1000, 1000, 1000, 1000, 1000, 1000, 1000, 1000, 1000, 1000, 1000, 1000, 1000, 1000, 1000, 1000, 1000, 1000, 1000, 1000, 1000, 1000, 1000, 1000, 1000, 1000, 1000, 1000, 1000, 1000, 1000, 1000, 1000, 1000, 1000, 1000, 1000, 1000],