{"initial_reset_timestamp": 1611785261.1905224, "timestamps": [1611785355.8268266, 1611785469.7220767, 1611785675.1803548, 1611786061.1173937, 1611786441.2076128, 1611786820.8137167, 1611787201.6249597, 1611787466.4168108, 1611787857.8626544, 1611788241.0704973, 1611788626.9930851, 1611789008.5170932, 1611789388.7572503, 1611789769.1556542, 1611790150.4884827, 1611790531.613905, 1611790914.084405, 1611791296.240724, 1611791678.8736537, 1611792060.840366, 1611792442.129765, 1611792823.4590566, 1611793206.212727, 1611793588.202858, 1611793968.801681, 1611794350.2275894, 1611794732.9124703, 1611795127.2164598, 1611795514.6978612, 1611795908.575256, 1611796292.6417568, 1611796678.5692906, 1611797062.7917428, 1611797442.2215164, 1611797826.019823, 1611798212.0856361, 1611798598.137839, 1611798983.7649655, 1611799368.8274744, 1611799779.006774, 1611800475.976437, 1611801168.7364557, 1611801871.0602705, 1611802574.27199, 1611803273.9201963, 1611803696.6016276, 1611804078.6424088, 1611804461.0373392, 1611804844.6694875, 1611805400.987901, 1611806098.6744843, 1611806795.0906873, 1611807491.2842, 1611808190.973857, 1611808848.6843464, 1611809225.4009075, 1611809425.3037403, 1611809802.305671, 1611810179.7263033, 1611810555.4965289, 1611810932.605628, 1611811312.0725899, 1611811692.7428298, 1611812070.362948, 1611812462.356469, 1611812846.4743686, 1611813235.2237947, 1611813624.8054981, 1611814002.565234, 1611814378.9865885, 1611814757.7785442, 1611815135.65893, 1611815511.6055703, 1611815704.039579, 1611816081.637232, 1611816459.8867066, 1611816591.0561078, 1611816969.2130513, 1611817346.8928356, 1611817723.7476828, 1611818100.7055366, 1611818477.6979744, 1611818855.1859334, 1611818955.4661913, 1611819332.8160934, 1611819710.4342444, 1611820087.237399, 1611820464.1331234, 1611820840.7871053, 1611821219.4592812, 1611821426.9125016, 1611821519.8570113, 1611821898.054022, 1611822274.8855646, 1611822651.8178337, 1611822975.7167163, 1611823052.8416371, 1611823430.4565465, 1611823808.2488046, 1611824185.052698, 1611824278.1065078, 1611824655.5365458, 1611824833.2811418, 1611825210.8774202, 1611825587.2417624, 1611825664.116149, 1611826040.8181715, 1611826419.423721, 1611826596.9672391, 1611826974.7856688, 1611827329.4815838, 1611827707.500358, 1611828085.3899915, 1611828463.1461864, 1611828842.6320913, 1611829219.664976, 1611829597.994986, 1611829976.4261572, 1611830352.718154, 1611830730.475244, 1611831109.028627, 1611831487.4646065, 1611831867.1640298, 1611832246.670609, 1611832623.602556, 1611833010.844342, 1611833388.993796, 1611833769.2908406, 1611834148.0414605, 1611834481.109025, 1611834858.7900033, 1611835236.71929, 1611835468.4019718, 1611835846.4581275, 1611835954.6254554, 1611836333.8774052, 1611836503.9428473, 1611836881.535001, 1611837135.920086, 1611837515.4352806, 1611837895.5518727, 1611838272.9448369, 1611838650.319402, 1611838727.9152668, 1611839104.323895, 1611839458.8557577, 1611839836.05777, 1611840212.8358889, 1611840590.5139816, 1611840905.1160383, 1611841282.610506, 1611841660.6226547, 1611842039.5339704, 1611842416.3093994, 1611842794.717555, 1611842879.2959108, 1611843257.1073403, 1611843632.9709044, 1611844010.531893, 1611844388.1936457, 1611844767.1936324, 1611845145.6122816, 1611845476.7197125, 1611845854.150252, 1611845946.3786132, 1611846231.5244582, 1611846608.784327, 1611846985.9057422, 1611847364.4087784, 1611847742.7390294, 1611848121.1862266, 1611848498.6050937, 1611848877.1978142, 1611848953.8554986, 1611849331.522146, 1611849707.6235948, 1611850086.07024, 1611850463.8250751, 1611850845.895571, 1611851145.1762354, 1611851534.0149524, 1611851917.0925267, 1611852297.2531197, 1611852676.7555773, 1611853057.0900614, 1611853456.1226923, 1611853855.0263906, 1611853944.6459086, 1611854343.01003, 1611854741.9287865, 1611855139.4718661, 1611855538.5256083, 1611855937.4616728, 1611856330.2954187, 1611856725.3261409, 1611857122.7047448, 1611857507.2133634, 1611857891.8538141, 1611858272.8242388, 1611858653.3078208, 1611859036.5524113, 1611859417.5764575, 1611859801.1986828, 1611860184.304428, 1611860564.378915, 1611860920.1198707, 1611861301.922827, 1611861683.0860748, 1611862067.921131, 1611862459.0999749, 1611862849.664433, 1611862929.2407784, 1611863319.089975, 1611863710.2802298, 1611864090.3984783, 1611864468.0934563, 1611864861.8947277, 1611865244.812444, 1611865567.2100985, 1611865948.719504, 1611866331.5421484, 1611866714.9567409, 1611867097.4233665, 1611867479.0012324, 1611867867.8176196, 1611868142.8726256, 1611868401.5690522, 1611868807.437523, 1611869223.2006302, 1611869641.012228, 1611870059.8806, 1611870473.6359453, 1611870875.6002612, 1611871274.5995045, 1611871670.860574, 1611872068.0347698, 1611872464.6880527, 1611872861.2807965, 1611873255.9771261, 1611873653.0078535, 1611874049.8764699, 1611874446.4998584, 1611874843.3259816, 1611875238.729333, 1611875635.367238, 1611876031.7256978, 1611876427.5403855, 1611876830.8246968, 1611877239.0178635, 1611877657.5174453], "episode_lengths": [266, 295, 523, 1000, 1000, 1000, 1000, 697, 1000, 1000, 1000, 1000, 1000, 1000, 1000, 1000, 1000, 1000, 1000, 1000, 1000, 1000, 1000, 1000, 1000, 1000, 1000, 1000, 1000, 1000, 1000, 1000, 1000, 1000, 1000, 1000, 1000, 1000, 1000, 1000, 1000, 1000, 1000, 1000, 1000, 784, 1000, 1000, 1000, 1000, 1000, 1000, 1000, 1000, 1000, 1000, 532, 1000, 1000, 1000, 1000, 1000, 1000, 1000, 1000, 1000, 1000, 1000, 1000, 1000, 1000, 1000, 1000, 507, 1000, 1000, 344, 1000, 1000, 1000, 1000, 1000, 1000, 272, 1000, 1000, 1000, 1000, 1000, 1000, 546, 249, 1000, 1000, 1000, 851, 203, 1000, 1000, 1000, 248, 1000, 474, 1000, 1000, 202, 1000, 1000, 466, 1000, 937, 1000, 1000, 1000, 1000, 1000, 1000, 1000, 1000, 1000, 1000, 1000, 1000, 1000, 1000, 1000, 1000, 1000, 1000, 872, 1000, 1000, 606, 1000, 295, 1000, 449, 1000, 675, 1000, 1000, 1000, 1000, 208, 1000, 935, 1000, 1000, 1000, 823, 1000, 1000, 1000, 1000, 1000, 225, 1000, 1000, 1000, 1000, 1000, 1000, 871, 1000, 245, 753, 1000, 1000, 1000, 1000, 1000, 1000, 1000, 208, 1000, 1000, 1000, 1000, 1000, 773, 1000, 1000, 1000, 1000, 1000, 1000, 1000, 226, 1000, 1000, 1000, 1000, 1000, 1000, 1000, 1000, 1000, 1000, 1000, 1000, 1000, 1000, 1000, 1000, 1000, 928, 1000, 1000, 1000, 1000, 1000, 210, 1000, 1000, 1000, 1000, 1000, 1000, 832, 1000, 1000, 1000, 1000, 1000, 1000, 663, 639, 974, 1000, 1000, 1000, 1000, 1000, 1000, 1000, 1000, 1000, 1000, 1000, 1000, 1000, 1000, 1000, 1000, 1000, 1000, 1000, 1000, 1000, 1000],