{"initial_reset_timestamp": 1611785261.188689, "timestamps": [1611785642.3805127, 1611786034.1966367, 1611786409.3904734, 1611786787.102455, 1611787165.0649068, 1611787545.3064654, 1611787923.5651286, 1611788305.0427709, 1611788696.8865833, 1611789074.8838034, 1611789452.9726396, 1611789832.294499, 1611790211.9537263, 1611790590.3738317, 1611790971.648004, 1611791351.1481175, 1611791730.3207607, 1611792110.4233928, 1611792490.8539956, 1611792871.0236304, 1611793251.0893803, 1611793630.2180648, 1611794010.395186, 1611794390.5491254, 1611794770.3927157, 1611795150.6756225, 1611795535.1060781, 1611795934.8656795, 1611796315.8950098, 1611796700.1011524, 1611797080.4735837, 1611797459.248502, 1611797840.2138863, 1611798223.4928827, 1611798608.5451655, 1611798992.8691428, 1611799374.5644217, 1611799784.5865018, 1611800477.4334161, 1611801167.0843399, 1611801868.4233592, 1611802570.489947, 1611803267.6599998, 1611803770.5447524, 1611804151.5606632, 1611804530.541052, 1611804911.5526125, 1611805518.788416, 1611806215.5619824, 1611806912.6923683, 1611807606.5914216, 1611808303.2872758, 1611808909.7490327, 1611809285.1645312, 1611809659.6895106, 1611810033.7724078, 1611810409.1960993, 1611810784.393647, 1611811160.2571282, 1611811537.8836536, 1611811913.475311, 1611812288.7115219, 1611812671.5394049, 1611813056.5564728, 1611813454.623106, 1611813836.0883915, 1611814210.9577038, 1611814587.593001, 1611814962.346003, 1611815337.0135398, 1611815712.2498872, 1611816087.4422, 1611816461.320277, 1611816835.918053, 1611817209.7302592, 1611817585.4497585, 1611817961.0200353, 1611818337.358946, 1611818712.354218, 1611819086.126361, 1611819460.0491316, 1611819834.7115607, 1611820210.6602986, 1611820585.7044997, 1611820961.5287726, 1611821336.044819, 1611821709.2089636, 1611822084.5121229, 1611822458.8968828, 1611822834.379, 1611823208.8052287, 1611823583.5462844, 1611823959.1591551, 1611824334.440877, 1611824708.9288268, 1611825082.8733315, 1611825458.6862578, 1611825832.821743, 1611826208.1743796, 1611826583.7750444, 1611826957.333007, 1611827331.7646003, 1611827706.8373299, 1611828081.5610693, 1611828456.27784, 1611828830.7387009, 1611829206.8215883, 1611829581.8174016, 1611829957.1941051, 1611830331.6559286, 1611830707.1725025, 1611831082.7446237, 1611831458.2706208, 1611831835.302179, 1611832210.8050466, 1611832586.13419, 1611832961.6207213, 1611833337.284488, 1611833714.3638415, 1611834091.6040342, 1611834467.6784916, 1611834843.1047375, 1611835217.0894756, 1611835592.48834, 1611835969.7965229, 1611836354.5388186, 1611836730.1773415, 1611837106.4420226, 1611837484.0009868, 1611837860.5210106, 1611838236.3351111, 1611838611.9357567, 1611838986.4483097, 1611839360.8964894, 1611839735.9941165, 1611840111.3289893, 1611840486.1709116, 1611840861.2898977, 1611841237.8528512, 1611841611.8826716, 1611841987.597857, 1611842362.593894, 1611842737.5839815, 1611843112.9808607, 1611843489.1154366, 1611843864.3330321, 1611844238.9811602, 1611844614.7233808, 1611844991.241683, 1611845366.113412, 1611845742.9653897, 1611846117.5093594, 1611846493.1365206, 1611846868.75011, 1611847244.0997484, 1611847618.434517, 1611847995.182906, 1611848369.6667562, 1611848745.3711598, 1611849121.749838, 1611849497.9352794, 1611849872.778662, 1611850247.897197, 1611850626.4480886, 1611851006.3265822, 1611851393.3114316, 1611851777.7958272, 1611852000.4961193, 1611852378.8128924, 1611852756.1332533, 1611853141.643178, 1611853536.5068455, 1611853932.9102864, 1611854326.5818791, 1611854721.0606143, 1611855115.5925057, 1611855511.4362907, 1611855906.8625426, 1611856297.7491693, 1611856691.1462424, 1611857085.4097857, 1611857470.4574385, 1611857852.257354, 1611858229.5737362, 1611858607.6340501, 1611858988.9563928, 1611859369.2008603, 1611859714.2885766, 1611860094.030894, 1611860471.3463047, 1611860850.110681, 1611861227.3010051, 1611861604.8114722, 1611861988.2763324, 1611862376.5343037, 1611862764.0948813, 1611863152.446569, 1611863543.1595054, 1611863924.8627264, 1611864303.1760783, 1611864682.7571037, 1611865064.9911473, 1611865448.9126344, 1611865830.2007775, 1611866211.4623559, 1611866593.5259764, 1611866974.8208432, 1611867356.1184282, 1611867737.9848528, 1611868142.0086622, 1611868549.4500873, 1611868963.1732514, 1611869378.0337317, 1611869795.0197506, 1611870212.4448342, 1611870617.6605542, 1611871026.2263956, 1611871421.1730242, 1611871816.3381567, 1611872209.6023803, 1611872602.3053594, 1611872997.7545748, 1611873391.3463397, 1611873785.7934775, 1611874180.0703642, 1611874572.6611397, 1611874966.3150623, 1611875360.9807138, 1611875753.3483758, 1611876147.8668466, 1611876541.3857725, 1611876893.8692691, 1611877300.5052528, 1611877724.7309003, 1611878169.8134718, 1611878614.5842693, 1611879053.2982655, 1611879461.1143417, 1611879866.8288925, 1611880218.1611345, 1611880560.6758199, 1611880903.340436, 1611881248.172503, 1611881599.972971, 1611881933.9244606, 1611882250.926371, 1611882556.361915, 1611882870.9971557, 1611883191.0929577, 1611883513.9413238], "episode_lengths": [1000, 1000, 1000, 1000, 1000, 1000, 1000, 1000, 1000, 1000, 1000, 1000, 1000, 1000, 1000, 1000, 1000, 1000, 1000, 1000, 1000, 1000, 1000, 1000, 1000, 1000, 1000, 1000, 1000, 1000, 1000, 1000, 1000, 1000, 1000, 1000, 1000, 1000, 1000, 1000, 1000, 1000, 1000, 1000, 1000, 1000, 1000, 1000, 1000, 1000, 1000, 1000, 1000, 1000, 1000, 1000, 1000, 1000, 1000, 1000, 1000, 1000, 1000, 1000, 1000, 1000, 1000, 1000, 1000, 1000, 1000, 1000, 1000, 1000, 1000, 1000, 1000, 1000, 1000, 1000, 1000, 1000, 1000, 1000, 1000, 1000, 1000, 1000, 1000, 1000, 1000, 1000, 1000, 1000, 1000, 1000, 1000, 1000, 1000, 1000, 1000, 1000, 1000, 1000, 1000, 1000, 1000, 1000, 1000, 1000, 1000, 1000, 1000, 1000, 1000, 1000, 1000, 1000, 1000, 1000, 1000, 1000, 1000, 1000, 1000, 1000, 1000, 1000, 1000, 1000, 1000, 1000, 1000, 1000, 1000, 1000, 1000, 1000, 1000, 1000, 1000, 1000, 1000, 1000, 1000, 1000, 1000, 1000, 1000, 1000, 1000, 1000, 1000, 1000, 1000, 1000, 1000, 1000, 1000, 1000, 1000, 1000, 1000, 1000, 1000, 1000, 1000, 582, 1000, 1000, 1000, 1000, 1000, 1000, 1000, 1000, 1000, 1000, 1000, 1000, 1000, 1000, 1000, 1000, 1000, 1000, 1000, 899, 1000, 1000, 1000, 1000, 1000, 1000, 1000, 1000, 1000, 1000, 1000, 1000, 1000, 1000, 1000, 1000, 1000, 1000, 1000, 1000, 1000, 1000, 1000, 1000, 1000, 1000, 1000, 1000, 1000, 1000, 1000, 1000, 1000, 1000, 1000, 1000, 1000, 1000, 1000, 1000, 1000, 1000, 1000, 880, 1000, 1000, 1000, 1000, 1000, 1000, 1000, 1000, 1000, 1000, 1000, 1000, 1000, 1000, 1000, 1000, 1000, 1000],