{"initial_reset_timestamp": 1611382436.2388558, "timestamps": [1611382460.7904177], "episode_lengths": [1000], "episode_rewards": [270.4918032786736], "episode_types": ["e"]}