{"initial_reset_timestamp": 1611940893.9113705, "timestamps": [1611940945.6835647, 1611940997.7319846, 1611941032.9527712, 1611941068.4519072, 1611941104.1394186, 1611941140.4368174, 1611941153.3508244, 1611941190.9738119, 1611941242.4030418, 1611941280.7943754, 1611941316.7328162, 1611941352.6278064, 1611941388.960377, 1611941424.745482, 1611941461.1545584, 1611941497.321339, 1611941533.2794254, 1611941569.488215, 1611941605.1688356, 1611941640.8582428, 1611941677.7687411, 1611941714.305022, 1611941750.4279642, 1611941786.8868895, 1611941823.488021, 1611941859.9468124, 1611941897.2781572, 1611941947.5273862, 1611941984.0966992, 1611942017.7781675, 1611942044.0878623], "episode_lengths": [1000, 1000, 1000, 1000, 1000, 1000, 338, 1000, 1000, 1000, 1000, 1000, 1000, 1000, 1000, 1000, 1000, 1000, 1000, 1000, 1000, 1000, 1000, 1000, 1000, 1000, 1000, 1000, 1000, 1000, 1000], "episode_rewards": [218.99641577061425, -43.6090225563918, -16.387959866221546, 380.14440433212576, 42.34875444839722, 64.28571428571769, 36.51276595744787, -50.81967213114796, 280.00000000000273, 154.18060200669177, 42.37288135593361, 398.12734082396685, 487.8378378378287, 318.9189189189187, 25.423728813558455, -9.090909090908873, 359.9156118143445, 173.02631578947629, 6.796116504853503, 380.5653710247329, 219.76744186046827, -51.70454545454604, -11.660777385159609, 471.9298245613928, 7.462686567163715, 451.6014234875354, 313.4275618374559, 119.17808219178283, 320.86330935251465, 38.23529411764577, 344.82758620689236], "episode_types": ["e", "e", "e", "e", "e", "e", "e", "e", "e", "e", "e", "e", "e", "e", "e", "e", "e", "e", "e", "e", "e", "e", "e", "e", "e", "e", "e", "e", "e", "e", "e"]}