{"initial_reset_timestamp": 1611386087.745879, "timestamps": [1611386112.05542, 1611386135.9277818, 1611386152.7493436, 1611386169.6343396, 1611386186.484549, 1611386203.1678417, 1611386217.8168244, 1611386235.0833178, 1611386259.5922303, 1611386276.6501381, 1611386293.68365, 1611386310.6344757, 1611386321.0029287, 1611386338.017286, 1611386355.0507836, 1611386372.1676564, 1611386389.267645, 1611386406.3179986, 1611386423.4020534, 1611386440.367918, 1611386457.408832], "episode_lengths": [1000, 1000, 1000, 1000, 1000, 1000, 840, 1000, 1000, 1000, 1000, 1000, 606, 1000, 1000, 1000, 1000, 1000, 1000, 1000, 1000], "episode_rewards": [477.7027027026888, 257.1428571428563, 170.07299270073472, -17.17791411043019, 15.755627009645531, -45.652173913044, -109.27313432835852, 311.5646258503394, 87.27915194346294, 148.14814814815153, -43.46289752650254, -38.08049535603787, -76.04054054054129, 46.103896103897604, 2.941176470589433, 14.50381679389175, -46.90265486725727, -43.609022556391736, -58.62068965517324, -0.38314176245273446, 320.138888888888], "episode_types": ["e", "e", "e", "e", "e", "e", "e", "e", "e", "e", "e", "e", "e", "e", "e", "e", "e", "e", "e", "e", "e"]}