{"initial_reset_timestamp": 1611940894.0258868, "timestamps": [1611940945.9370735, 1611940998.4017224, 1611941033.4170854, 1611941068.408827, 1611941104.372287, 1611941141.1186922, 1611941177.6990159, 1611941214.851508, 1611941267.8748424, 1611941303.715487, 1611941339.4998713, 1611941375.654875, 1611941411.872569, 1611941448.4144583, 1611941484.9482765, 1611941520.5583417, 1611941556.8189168, 1611941592.7990086, 1611941629.4634805, 1611941665.5845563, 1611941701.2333162, 1611941737.0564075, 1611941772.8405635, 1611941808.712482, 1611941844.818642, 1611941881.0039024, 1611941919.8124273, 1611941969.5829465, 1611942004.4977674, 1611942034.0121222, 1611942055.9861426], "episode_lengths": [1000, 1000, 1000, 1000, 1000, 1000, 1000, 1000, 1000, 1000, 1000, 1000, 1000, 1000, 1000, 1000, 1000, 1000, 1000, 1000, 1000, 1000, 1000, 1000, 1000, 1000, 1000, 1000, 1000, 1000, 1000], "episode_rewards": [30.293159609119193, -16.666666666666668, -12.650602409638424, 416.6051660516551, 0.8645533141199808, 202.0134228187942, -53.17725752508407, 273.80191693291044, 53.846153846155524, 249.15254237288374, 255.48172757475515, 56.36363636363925, 164.98422712934035, -35.97560975609809, 309.09090909090844, 87.25099601593985, 19.56521739130485, 171.12676056338225, 37.931034482761206, 225.25951557093765, 221.03321033210653, -60.85409252669121, 188.4615384615414, 23.636363636362752, 167.65799256505917, 203.1496062992156, 177.19298245614442, -33.130699088146244, 189.65517241379587, 344.0789473684173, 274.21383647798643], "episode_types": ["e", "e", "e", "e", "e", "e", "e", "e", "e", "e", "e", "e", "e", "e", "e", "e", "e", "e", "e", "e", "e", "e", "e", "e", "e", "e", "e", "e", "e", "e", "e"]}