{"initial_reset_timestamp": 1611785261.1266193, "timestamps": [1611785645.1838057, 1611786038.5736237, 1611786417.5170171, 1611786795.8986087, 1611787177.2048595, 1611787558.861583, 1611787940.0537603, 1611788324.489162, 1611788717.851639, 1611789099.239298, 1611789478.401134, 1611789859.7300386, 1611790241.9042764, 1611790622.4257557, 1611791005.812275, 1611791386.7723565, 1611791767.5007603, 1611792148.8670177, 1611792530.8937323, 1611792912.3722746, 1611793294.1353593, 1611793676.220688, 1611794058.5036044, 1611794440.5753412, 1611794824.3862472, 1611795208.3772209, 1611795596.6257446, 1611795998.9056823, 1611796382.6710517, 1611796768.0331492, 1611797152.4060473, 1611797532.4610734, 1611797918.2380676, 1611798302.7282884, 1611798688.5526824, 1611799076.6945808, 1611799463.3008144, 1611799949.9273767, 1611800643.6310253, 1611801335.889728, 1611802040.9865031, 1611802744.0428677, 1611803443.6779864, 1611803867.057518, 1611804247.9556746, 1611804629.0887425, 1611805010.893593, 1611805701.8422992, 1611806398.5921493, 1611807095.1673412, 1611807791.9333181, 1611808483.1069434, 1611809009.9942155, 1611809386.8605697, 1611809763.0522544, 1611810138.6875837, 1611810516.5568721, 1611810893.8837037, 1611811272.3272288, 1611811651.6648328, 1611812028.9101572, 1611812408.981215, 1611812792.5388072, 1611813181.6902943, 1611813581.982825, 1611813960.265468, 1611814338.2205207, 1611814716.7465897, 1611815093.721501, 1611815469.1649373, 1611815845.4274242, 1611816223.3010726, 1611816600.232323, 1611816977.160681, 1611817354.616346, 1611817731.3614135, 1611818108.2315161, 1611818484.3171728, 1611818859.646905, 1611819238.10865, 1611819614.2048128, 1611819992.2304144, 1611820369.7428014, 1611820747.414007, 1611821125.5887115, 1611821501.8383362, 1611821879.1157923, 1611822254.718788, 1611822631.3187313, 1611823009.9018462, 1611823387.1461675, 1611823764.7580342, 1611824142.1825502, 1611824519.5505614, 1611824896.6527884, 1611825274.8742256, 1611825651.9765632, 1611826027.4527423, 1611826403.6379097, 1611826779.1711192, 1611827156.7840085, 1611827533.3857982, 1611827910.5404227, 1611828287.9951982, 1611828663.6900203, 1611829040.191705, 1611829417.2524655, 1611829793.2435806, 1611830169.4796448, 1611830547.552557, 1611830922.8575482, 1611831299.831107, 1611831676.335153, 1611832053.2122436, 1611832432.232098, 1611832808.9077394, 1611833185.2497625, 1611833562.17949, 1611833939.9515648, 1611834316.820843, 1611834693.0522196, 1611835069.0487533, 1611835447.8219428, 1611835827.6181214, 1611836206.6231222, 1611836593.9157023, 1611836970.7208717, 1611837350.4429362, 1611837728.5605721, 1611838106.6174047, 1611838484.576499, 1611838860.9043834, 1611839235.9969482, 1611839614.9662638, 1611839992.0842793, 1611840368.501468, 1611840745.7372832, 1611841121.1290329, 1611841498.7051444, 1611841875.3920417, 1611842252.1620917, 1611842629.009015, 1611843006.4595685, 1611843382.4735982, 1611843758.692829, 1611844135.804854, 1611844513.053999, 1611844889.9720376, 1611845267.2997422, 1611845643.9875143, 1611846020.817201, 1611846396.156819, 1611846773.3098247, 1611847150.083505, 1611847526.9260778, 1611847902.5219808, 1611848279.1343184, 1611848656.3339305, 1611849033.6570032, 1611849410.3623874, 1611849789.51112, 1611850167.6546092, 1611850547.2901726, 1611850928.7724624, 1611851315.4017816, 1611851703.4225185, 1611852082.8451192, 1611852463.1559684, 1611852844.0300949, 1611853232.0322285, 1611853630.8504837, 1611854030.412533, 1611854427.7572305, 1611854826.9576864, 1611855224.6728299, 1611855622.7987785, 1611856019.4087555, 1611856412.2540376, 1611856807.2770348, 1611857203.940211, 1611857585.6743867, 1611857969.3513021, 1611858348.5997522, 1611858727.557404, 1611859111.2194877, 1611859493.8947296, 1611859879.6744437, 1611860261.762902, 1611860641.0833964, 1611861021.4319992, 1611861401.329275, 1611861785.5464697, 1611862169.747124, 1611862559.197009, 1611862949.0232975, 1611863340.6440787, 1611863730.4936252, 1611864110.2945023, 1611864490.2383225, 1611864872.3029408, 1611865256.6813986, 1611865642.6479032, 1611866024.6701646, 1611866408.0804234, 1611866790.2609596, 1611867173.6460865, 1611867556.6624722, 1611867950.503609, 1611868359.3225691, 1611868771.1752965, 1611869186.9769437, 1611869605.0797906, 1611870027.2764242, 1611870443.343512, 1611870845.8983803, 1611871246.2420342, 1611871655.241072, 1611872053.2504983, 1611872450.412142, 1611872847.3304458, 1611873244.8474586, 1611873642.8342674, 1611874039.7178354, 1611874437.3928525, 1611874833.2391677, 1611875228.862459, 1611875624.0839448, 1611876021.2821023, 1611876417.030547, 1611876817.6603513, 1611877228.4126887, 1611877645.1366355, 1611878093.224442, 1611878543.2214181, 1611878987.400707, 1611879400.9819915, 1611879812.5313072, 1611880174.1517076, 1611880517.7959855, 1611880862.137501, 1611881209.3019562, 1611881563.990122, 1611881901.966663, 1611882224.638428, 1611882532.8260386, 1611882847.5243216, 1611883169.666057, 1611883493.3415318, 1611883846.5046163, 1611884201.817224], "episode_lengths": [1000, 1000, 1000, 1000, 1000, 1000, 1000, 1000, 1000, 1000, 1000, 1000, 1000, 1000, 1000, 1000, 1000, 1000, 1000, 1000, 1000, 1000, 1000, 1000, 1000, 1000, 1000, 1000, 1000, 1000, 1000, 1000, 1000, 1000, 1000, 1000, 1000, 1000, 1000, 1000, 1000, 1000, 1000, 1000, 1000, 1000, 1000, 1000, 1000, 1000, 1000, 1000, 1000, 1000, 1000, 1000, 1000, 1000, 1000, 1000, 1000, 1000, 1000, 1000, 1000, 1000, 1000, 1000, 1000, 1000, 1000, 1000, 1000, 1000, 1000, 1000, 1000, 1000, 1000, 1000, 1000, 1000, 1000, 1000, 1000, 1000, 1000, 1000, 1000, 1000, 1000, 1000, 1000, 1000, 1000, 1000, 1000, 1000, 1000, 1000, 1000, 1000, 1000, 1000, 1000, 1000, 1000, 1000, 1000, 1000, 1000, 1000, 1000, 1000, 1000, 1000, 1000, 1000, 1000, 1000, 1000, 1000, 1000, 1000, 1000, 1000, 1000, 1000, 1000, 1000, 1000, 1000, 1000, 1000, 1000, 1000, 1000, 1000, 1000, 1000, 1000, 1000, 1000, 1000, 1000, 1000, 1000, 1000, 1000, 1000, 1000, 1000, 1000, 1000, 1000, 1000, 1000, 1000, 1000, 1000, 1000, 1000, 1000, 1000, 1000, 1000, 1000, 1000, 1000, 1000, 1000, 1000, 1000, 1000, 1000, 1000, 1000, 1000, 1000, 1000, 1000, 1000, 1000, 1000, 1000, 1000, 1000, 1000, 1000, 1000, 1000, 1000, 1000, 1000, 1000, 1000, 1000, 1000, 1000, 1000, 1000, 1000, 1000, 1000, 1000, 1000, 1000, 1000, 1000, 1000, 1000, 1000, 1000, 1000, 1000, 1000, 1000, 1000, 1000, 1000, 1000, 1000, 1000, 1000, 1000, 1000, 1000, 1000, 1000, 1000, 1000, 1000, 1000, 1000, 1000, 1000, 1000, 1000, 1000, 1000, 1000, 1000, 1000, 1000, 1000, 1000, 1000, 1000, 1000, 1000],