{"initial_reset_timestamp": 1611386031.2382307, "timestamps": [1611386055.5606217], "episode_lengths": [1000], "episode_rewards": [457.1428571428477], "episode_types": ["e"]}