{"initial_reset_timestamp": 1612011342.2133033, "timestamps": [1612011393.1284692, 1612011443.4864817, 1612011478.6945906, 1612011513.8094518, 1612011548.7227352, 1612011584.7296617, 1612011621.8271286, 1612011659.3912473, 1612011709.180868, 1612011744.8929465, 1612011781.2383213, 1612011816.5124183, 1612011826.0423794, 1612011861.3643384, 1612011868.8194246, 1612011895.4225218, 1612011931.0582633, 1612011966.345265, 1612012002.2361112, 1612012038.1824212, 1612012043.4999251, 1612012080.0146635, 1612012114.7709615, 1612012150.5222363, 1612012185.8139956, 1612012221.1899445, 1612012241.3998964, 1612012287.064528, 1612012325.3796446, 1612012362.6630487, 1612012398.9736757], "episode_lengths": [1000, 1000, 1000, 1000, 1000, 1000, 1000, 1000, 1000, 1000, 1000, 1000, 254, 1000, 212, 756, 1000, 1000, 1000, 1000, 143, 1000, 1000, 1000, 1000, 1000, 564, 1000, 1000, 1000, 1000], "episode_rewards": [185.23489932886338, -38.110749185668375, 28.02768166089902, 232.11678832117153, 241.37931034482108, -3.654485049834067, 405.15463917524545, 141.25874125874378, -79.79797979797961, -30.65693430656935, -43.33333333333356, -40.740740740741344, 18.93076923076987, 83.38108882521712, 5.215789473684836, 387.63993174060016, 55.30303030303242, 285.15901060070814, 77.41935483871254, -40.350877192983276, 20.12835820895576, 1.0101010101018462, 6.1224489795931, 413.1578947368358, 215.96091205211306, 101.49253731343788, 203.4359735973552, 398.2456140350722, 508.8560885608688, 75.38461538461875, 378.827361563505], "episode_types": ["e", "e", "e", "e", "e", "e", "e", "e", "e", "e", "e", "e", "e", "e", "e", "e", "e", "e", "e", "e", "e", "e", "e", "e", "e", "e", "e", "e", "e", "e", "e"]}