{"initial_reset_timestamp": 1611940891.469298, "timestamps": [1611940942.3286467, 1611940994.5002632, 1611941029.5706875, 1611941064.7708595, 1611941100.679195, 1611941135.6326098, 1611941172.9476826, 1611941209.620377, 1611941261.2064652, 1611941297.6065643, 1611941333.3712041, 1611941370.1617982, 1611941406.1662545, 1611941442.1505687, 1611941478.7906928, 1611941515.019452, 1611941542.769736, 1611941578.8448057, 1611941614.368354, 1611941650.005285, 1611941686.1278343, 1611941722.4775183, 1611941758.6246583, 1611941794.6683512, 1611941830.9538436, 1611941866.952541, 1611941904.9242523, 1611941942.484395, 1611941979.2169905, 1611942013.0188873, 1611942040.103476], "episode_lengths": [1000, 1000, 1000, 1000, 1000, 1000, 1000, 1000, 1000, 1000, 1000, 1000, 1000, 1000, 1000, 1000, 784, 1000, 1000, 1000, 1000, 1000, 1000, 1000, 1000, 1000, 1000, 743, 1000, 1000, 1000], "episode_rewards": [196.41693811075112, -13.533834586466378, 23.417721518989367, 5.468750000000657, -23.809523809524563, -11.032028469751467, 571.4285714285629, -33.579335793358396, 165.6250000000034, 289.240506329115, 222.78481012658546, 295.424836601308, 166.90391459075022, 160.45016077170706, -47.20496894409971, 108.90410958904619, 218.06363636363062, 73.14487632509216, 262.71186440678144, 24.03100775193913, 251.5358361774787, 101.95439739414007, 376.03833865813675, 492.46575342465167, 145.03311258278654, 483.6177474402639, -28.57142857142915, -82.53333333333427, 144.96644295302355, 274.99999999999307, 30.909090909090388], "episode_types": ["e", "e", "e", "e", "e", "e", "e", "e", "e", "e", "e", "e", "e", "e", "e", "e", "e", "e", "e", "e", "e", "e", "e", "e", "e", "e", "e", "e", "e", "e", "e"]}