{"initial_reset_timestamp": 1611440940.4706626, "timestamps": [1611440984.9925826, 1611441029.1964667, 1611441059.419553, 1611441089.9000137, 1611441119.9871814, 1611441135.977015, 1611441168.6407926, 1611441193.2311664, 1611441237.7857158, 1611441269.1133494, 1611441300.0613616, 1611441331.9341142, 1611441363.0716662, 1611441394.2506802, 1611441425.2209482, 1611441456.1565351, 1611441487.1823664, 1611441518.3351772, 1611441549.2221527, 1611441580.1054113, 1611441610.4762702, 1611441641.1909015, 1611441671.505452, 1611441702.4246745, 1611441718.2258425, 1611441749.0438218, 1611441780.645371, 1611441822.3189032, 1611441853.04695, 1611441883.8934445, 1611441915.6224809], "episode_lengths": [1000, 1000, 1000, 1000, 1000, 526, 1000, 785, 1000, 1000, 1000, 1000, 1000, 1000, 1000, 1000, 1000, 1000, 1000, 1000, 1000, 1000, 1000, 1000, 512, 1000, 1000, 1000, 1000, 1000, 1000], "episode_rewards": [708.4291187739325, 211.1888111888146, 238.28996282528232, -20.127795527157, -75.07788161993773, -50.227272727271206, 22.44897959183652, 267.6431654676149, -3.1250000000008398, 331.37254901960074, 288.5542168674719, 11.747851002864458, 53.84615384615424, -10.07194244604346, -30.069930069930273, 80.1242236024839, 437.2168284789536, 203.57142857143253, 77.5362318840616, -64.74358974359029, 802.2556390977265, 168.2119205298053, 879.7570850202262, 300.00000000000017, 33.56898954703988, 312.58741258741253, 289.38053097344493, 127.8911564625896, 629.5373665480295, 382.26950354609767, 137.34177215190329], "episode_types": ["e", "e", "e", "e", "e", "e", "e", "e", "e", "e", "e", "e", "e", "e", "e", "e", "e", "e", "e", "e", "e", "e", "e", "e", "e", "e", "e", "e", "e", "e", "e"]}