{"initial_reset_timestamp": 1611440938.217344, "timestamps": [1611440982.0205548, 1611441027.2887492, 1611441057.6335568, 1611441088.0254235, 1611441118.2589223, 1611441127.5699496, 1611441160.4600747, 1611441191.5270169, 1611441235.5399063, 1611441267.1296635, 1611441298.2882752, 1611441329.5118146, 1611441360.8587413, 1611441391.3237407, 1611441422.669326, 1611441435.7961793, 1611441466.3562331, 1611441497.221028, 1611441528.42641, 1611441536.3819473, 1611441567.2635655, 1611441598.1307738, 1611441628.3041747, 1611441637.394271, 1611441667.3681197, 1611441697.8010116, 1611441728.3010998, 1611441769.7490594, 1611441801.4578593, 1611441832.7795298, 1611441863.3766398], "episode_lengths": [1000, 1000, 1000, 1000, 1000, 306, 1000, 1000, 1000, 1000, 1000, 1000, 1000, 1000, 1000, 435, 1000, 1000, 1000, 235, 1000, 1000, 1000, 297, 1000, 1000, 1000, 1000, 1000, 1000, 1000], "episode_rewards": [191.53605015674353, -62.068965517242056, 7.6388888888876565, 288.3161512027464, -64.7435897435904, 67.41666666666825, 97.60479041916389, 29.62962962962861, 221.07023411371424, -25.696594427245234, 491.6398713826271, 191.66666666667234, 71.52103559870494, 46.96485623003603, -40.82840236686445, 153.26666666666398, 41.304347826090414, 50.943396226414954, 358.62068965516715, -48.314675767918004, 140.2597402597451, -9.090909090908816, 109.21985815603242, -59.53630573248442, 52.17391304348224, -37.500000000000185, -36.45484949832833, 34.868421052630346, 31.205673758868002, 290.7284768211798, 100.62695924765382], "episode_types": ["e", "e", "e", "e", "e", "e", "e", "e", "e", "e", "e", "e", "e", "e", "e", "e", "e", "e", "e", "e", "e", "e", "e", "e", "e", "e", "e", "e", "e", "e", "e"]}