{"initial_reset_timestamp": 1611785316.4376948, "timestamps": [1611785415.5175338, 1611785552.717887, 1611785789.8007364, 1611785978.6310942, 1611786357.761694, 1611786735.8949776, 1611787115.6467159, 1611787497.0000212, 1611787889.572255, 1611788274.3578908, 1611788660.055598, 1611788862.4771357, 1611789243.3433986, 1611789623.020657, 1611789886.171525, 1611790269.6496568, 1611790650.8130057, 1611791032.050707, 1611791414.2369146, 1611791515.7473655, 1611791834.2748415, 1611792005.2024271, 1611792387.2133222, 1611792768.5738602, 1611793149.9184673, 1611793531.683339, 1611793912.3407102, 1611794302.3364384, 1611794683.160811, 1611795067.708752, 1611795454.6027954, 1611795847.2615478, 1611796231.798363, 1611796618.063783, 1611797002.8070543, 1611797189.827781, 1611797570.3136916, 1611797955.5324206, 1611798342.7065208, 1611798729.9661832, 1611798951.4858081, 1611799336.1071532, 1611799723.3998182, 1611800415.2396038, 1611801110.4470043, 1611801813.261527, 1611802514.0513275, 1611803217.2943144, 1611803745.4502254, 1611804126.530235, 1611804509.6058578, 1611804892.0461924, 1611805158.2275858, 1611805854.7031486, 1611806225.4662158, 1611806924.4880924, 1611807123.8374326, 1611807821.501655, 1611808514.5226371, 1611809027.653387, 1611809403.1269064, 1611809779.613308, 1611810154.5617535, 1611810392.4583786, 1611810780.0674164, 1611811018.1346886, 1611811398.1249595, 1611811584.1811585, 1611811963.0519216, 1611812342.3576097, 1611812727.059401, 1611813114.9045122, 1611813465.748287, 1611813679.2420576, 1611814056.7330654, 1611814436.1432264, 1611814813.145823, 1611815191.613549, 1611815568.4800255, 1611815945.908518, 1611816115.3884275, 1611816493.1645055, 1611816869.672585, 1611817246.2803273, 1611817622.3453672, 1611818000.6666543, 1611818378.3755822, 1611818754.4288695, 1611819131.62051, 1611819508.3083014, 1611819707.3921325, 1611820085.377468, 1611820463.3483636, 1611820839.1050181, 1611821015.509997, 1611821392.396063, 1611821530.8399978, 1611821908.6056504, 1611822284.8767557, 1611822660.9697587, 1611823038.154675, 1611823414.448789, 1611823789.7820673, 1611824166.8798945, 1611824545.2858188, 1611824921.8223763, 1611825299.2131252, 1611825653.6132455, 1611826032.6231942, 1611826408.7786152, 1611826785.1702, 1611827162.5185356, 1611827539.8116477, 1611827917.4663236, 1611828294.6610725, 1611828524.268322, 1611828900.8487725, 1611829278.8530588, 1611829654.4034119, 1611830031.0718186, 1611830408.9766614, 1611830784.8153467, 1611831162.1551373, 1611831539.705034, 1611831916.5790484, 1611832303.1632981, 1611832680.3014684, 1611833058.786756, 1611833435.1590662, 1611833817.1705654, 1611834102.156405, 1611834481.322647, 1611834860.1502926, 1611835238.2257903, 1611835616.3770967, 1611835995.2438192, 1611836374.2019212, 1611836752.8396215, 1611837130.4075983, 1611837508.610657, 1611837886.3247006, 1611838263.752407, 1611838640.3936653, 1611839018.5169456, 1611839393.9755113, 1611839771.771227, 1611840148.2895284, 1611840525.4456732, 1611840901.794124, 1611841278.7502596, 1611841655.4124467, 1611842031.8895454, 1611842408.3276772, 1611842786.6247795, 1611843164.366386, 1611843541.288323, 1611843918.6895394, 1611844295.242806, 1611844487.9519386, 1611844865.184345, 1611845074.3296034, 1611845452.4828472, 1611845828.9755871, 1611846208.1145449, 1611846583.90144, 1611846944.809922, 1611847322.4359384, 1611847699.1650004, 1611848077.9221334, 1611848454.555906, 1611848662.3532088, 1611849046.354419, 1611849422.7606268, 1611849801.2253916, 1611849901.9742832, 1611850064.4681277, 1611850241.8339736, 1611850411.7069647, 1611850747.9766862, 1611850949.5063179, 1611851154.3811517, 1611851543.4656224, 1611851925.5610163, 1611852303.8943505, 1611852683.8880239, 1611853065.6505113, 1611853463.5847747, 1611853789.4531763, 1611854187.2702646, 1611854438.813258, 1611854837.8773377, 1611855236.2829404, 1611855635.2831416, 1611856032.683424, 1611856425.524538, 1611856819.7088675, 1611857216.5288045, 1611857599.181129, 1611857834.9301958, 1611858215.1614845, 1611858592.8633049, 1611858976.5230844, 1611859357.5000653, 1611859742.1653664, 1611860123.2730951, 1611860502.8498857, 1611860774.0938497, 1611861152.4762626, 1611861532.6000218, 1611861917.1849265, 1611862302.573014, 1611862548.380221, 1611862938.3736885, 1611863328.8799055, 1611863719.2580395, 1611864099.9837308, 1611864423.8350832, 1611864806.1770146, 1611865190.5402772, 1611865479.7478747, 1611865861.4007256, 1611866244.7485123, 1611866625.9884956, 1611867009.108342, 1611867391.5563238, 1611867776.5995147, 1611867907.1912587, 1611868315.7759206, 1611868727.3368561, 1611868929.411521, 1611869228.9062617, 1611869644.8000793, 1611870064.7777724, 1611870477.289977, 1611870878.4248948, 1611871277.5175583, 1611871674.0190601, 1611872069.7262442, 1611872464.5180588, 1611872861.275673, 1611873255.3945246, 1611873651.4985244, 1611874049.2554371, 1611874445.3894324, 1611874663.7531374, 1611875058.9923513, 1611875454.0572467, 1611875848.9119158, 1611876243.9383554, 1611876640.3548822], "episode_lengths": [255, 342, 615, 490, 1000, 1000, 1000, 1000, 1000, 1000, 1000, 532, 1000, 1000, 683, 1000, 1000, 1000, 1000, 268, 832, 447, 1000, 1000, 1000, 1000, 1000, 1000, 1000, 1000, 1000, 1000, 1000, 1000, 1000, 487, 1000, 1000, 1000, 1000, 568, 1000, 1000, 1000, 1000, 1000, 1000, 1000, 1000, 1000, 1000, 1000, 522, 1000, 526, 1000, 299, 1000, 1000, 1000, 1000, 1000, 1000, 636, 1000, 632, 1000, 498, 1000, 1000, 1000, 1000, 896, 546, 1000, 1000, 1000, 1000, 1000, 1000, 449, 1000, 1000, 1000, 1000, 1000, 1000, 1000, 1000, 1000, 529, 1000, 1000, 1000, 466, 1000, 380, 1000, 1000, 1000, 1000, 1000, 1000, 1000, 1000, 1000, 1000, 924, 1000, 1000, 1000, 1000, 1000, 1000, 1000, 604, 1000, 1000, 1000, 1000, 1000, 1000, 1000, 1000, 1000, 1000, 1000, 1000, 1000, 1000, 743, 1000, 1000, 1000, 1000, 1000, 1000, 1000, 1000, 1000, 1000, 1000, 1000, 1000, 992, 1000, 1000, 1000, 1000, 1000, 1000, 1000, 1000, 1000, 1000, 1000, 1000, 1000, 510, 1000, 545, 1000, 1000, 1000, 1000, 947, 1000, 1000, 1000, 1000, 561, 1000, 1000, 1000, 272, 438, 467, 446, 862, 527, 536, 1000, 1000, 1000, 1000, 1000, 1000, 803, 1000, 625, 1000, 1000, 1000, 1000, 1000, 1000, 1000, 1000, 607, 1000, 1000, 1000, 1000, 1000, 1000, 1000, 703, 1000, 1000, 1000, 1000, 635, 1000, 1000, 1000, 1000, 833, 1000, 1000, 752, 1000, 1000, 1000, 1000, 1000, 1000, 324, 1000, 1000, 492, 715, 1000, 1000, 1000, 1000, 1000, 1000, 1000, 1000, 1000, 1000, 1000, 1000, 1000, 551, 1000, 1000, 1000, 1000, 1000],