{"initial_reset_timestamp": 1611940891.4788728, "timestamps": [1611940943.3501308, 1611940995.147814, 1611941030.1105509, 1611941065.1194382, 1611941100.9331586, 1611941137.0353003, 1611941174.4971497, 1611941212.826584, 1611941265.516253, 1611941301.7851908, 1611941338.2859175, 1611941373.7449982, 1611941409.8163838, 1611941445.794689, 1611941482.165395, 1611941518.3499265, 1611941554.4882083, 1611941591.0212624, 1611941627.5754833, 1611941663.8997033, 1611941700.5316045, 1611941716.0949447, 1611941752.1875882, 1611941788.6382866, 1611941824.687508, 1611941861.149358, 1611941898.2922757, 1611941904.8951278, 1611941944.043023, 1611941980.480908, 1611942014.7053425], "episode_lengths": [1000, 1000, 1000, 1000, 1000, 1000, 1000, 1000, 1000, 1000, 1000, 1000, 1000, 1000, 1000, 1000, 1000, 1000, 1000, 1000, 1000, 420, 1000, 1000, 1000, 1000, 1000, 123, 1000, 1000, 1000], "episode_rewards": [81.52866242038712, -29.96108949416397, 59.01060070671279, 70.21276595745182, -38.23529411764786, -30.31358885017475, -41.37931034482802, -0.6410256410264875, 140.2402402402404, 205.9210526315838, -18.08873720136549, 61.87050359712399, 384.4290657439399, 214.2857142857175, 116.21621621622162, -28.33876221498406, 343.7086092715214, 254.16666666667118, 512.3076923076791, -45.33762057877881, 334.6504559270535, -47.823344947735286, -48.97959183673537, 173.92739273927742, 244.2028985507273, 259.22330097087706, 382.972136222907, -52.20000000000011, 263.9344262294993, -46.80851063829863, 619.5945945945813], "episode_types": ["e", "e", "e", "e", "e", "e", "e", "e", "e", "e", "e", "e", "e", "e", "e", "e", "e", "e", "e", "e", "e", "e", "e", "e", "e", "e", "e", "e", "e", "e", "e"]}