{"initial_reset_timestamp": 1611785261.084429, "timestamps": [1611785647.5432558, 1611786009.5121102, 1611786387.1617792, 1611786642.9385138, 1611786968.861659, 1611787349.9076288, 1611787732.2900302, 1611788074.0283973, 1611788412.827133, 1611788799.2893157, 1611789179.437297, 1611789560.651057, 1611789942.3610573, 1611790325.85726, 1611790709.5559676, 1611791091.2895315, 1611791472.7620566, 1611791855.7020464, 1611792113.1342194, 1611792495.5912325, 1611792877.0213544, 1611793258.8907638, 1611793642.546283, 1611794024.2642894, 1611794408.5001607, 1611794793.0963774, 1611795178.1758268, 1611795578.672225, 1611795970.691428, 1611796356.0802577, 1611796743.107046, 1611797126.7033439, 1611797507.491543, 1611797891.8946192, 1611798278.2631104, 1611798665.4620838, 1611799052.9261386, 1611799441.7260985, 1611799911.775731, 1611800605.9568908, 1611801298.6419697, 1611802001.524361, 1611802701.6359768, 1611803398.3539135, 1611803845.2803986, 1611804149.8837156, 1611804539.772868, 1611804845.0816782, 1611805400.1506839, 1611806100.897608, 1611806802.1909943, 1611807498.3128603, 1611808199.5112205, 1611808855.2350743, 1611809232.4709282, 1611809609.3772776, 1611809986.5426533, 1611810363.656266, 1611810742.7937, 1611811121.4963722, 1611811486.4358623, 1611811865.1789277, 1611812243.3838305, 1611812627.773715, 1611813023.5041296, 1611813416.341464, 1611813802.800911, 1611814181.0419812, 1611814559.4524891, 1611814938.5297446, 1611815316.4436886, 1611815693.602444, 1611816071.2376623, 1611816450.022683, 1611816828.1584918, 1611817204.7542765, 1611817582.8509686, 1611817961.6654527, 1611818338.613476, 1611818716.3312294, 1611819093.831514, 1611819470.1673052, 1611819848.3582358, 1611820224.1742923, 1611820602.8646748, 1611820981.5587244, 1611821360.408888, 1611821737.873711, 1611822115.019544, 1611822492.8818848, 1611822872.1549127, 1611823248.9053507, 1611823627.3896484, 1611824005.1923876, 1611824383.4943852, 1611824738.554304, 1611825122.6523976, 1611825500.1126897, 1611825877.9516163, 1611826257.0393946, 1611826634.992081, 1611826942.8813148, 1611827320.5748105, 1611827698.728475, 1611828074.858072, 1611828452.376351, 1611828831.756499, 1611829208.757352, 1611829585.873944, 1611829964.6944795, 1611830341.971711, 1611830719.0701637, 1611831096.6184921, 1611831474.0873756, 1611831850.990537, 1611832229.1051989, 1611832607.2447338, 1611832986.0225887, 1611833364.0296288, 1611833744.770983, 1611834123.4454675, 1611834501.9144542, 1611834879.0104291, 1611835258.5175285, 1611835637.4452834, 1611836024.8817675, 1611836404.518547, 1611836637.7383049, 1611837014.5689044, 1611837393.8511837, 1611837772.9872658, 1611838150.815134, 1611838528.6349397, 1611838813.024596, 1611839190.9460988, 1611839567.9208305, 1611839945.859449, 1611840322.1059167, 1611840699.6695857, 1611841077.9953842, 1611841456.077636, 1611841833.451949, 1611842211.4763753, 1611842588.413679, 1611842965.4209883, 1611843344.4905317, 1611843722.2888749, 1611844100.2219481, 1611844478.304574, 1611844855.3143437, 1611845232.4074533, 1611845609.5474398, 1611845987.3263023, 1611846365.413197, 1611846743.1340756, 1611847120.293951, 1611847499.4364777, 1611847876.1608386, 1611848253.9211595, 1611848631.2018175, 1611849010.1307948, 1611849388.8899987, 1611849767.6390452, 1611850145.9848294, 1611850524.2134438, 1611850907.202488, 1611851294.6880991, 1611851405.9843204, 1611851791.600091, 1611852172.0039878, 1611852552.6930978, 1611852934.484683, 1611853325.605231, 1611853724.9138172, 1611854123.2454665, 1611854522.1934648, 1611854920.2278328, 1611855277.918741, 1611855552.9723873, 1611855951.1741257, 1611856347.0357919, 1611856738.8117971, 1611857135.0876732, 1611857519.2450883, 1611857904.5921905, 1611858285.362302, 1611858665.9219024, 1611859048.8124368, 1611859432.64181, 1611859714.4342968, 1611860096.7110996, 1611860477.064733, 1611860858.0021503, 1611861237.3250656, 1611861618.5785913, 1611862003.6316996, 1611862393.4421227, 1611862784.2022345, 1611863173.4984224, 1611863566.7510238, 1611863950.984094, 1611864229.9972098, 1611864610.9469802, 1611864996.248495, 1611865380.4351475, 1611865764.406666, 1611866148.3722951, 1611866529.118308, 1611866912.1674013, 1611867162.003669, 1611867543.8286366, 1611867936.7510512, 1611868347.2755747, 1611868759.8503184, 1611869175.562239, 1611869593.0442612, 1611870025.8646734, 1611870442.1972659, 1611870843.9196963, 1611871156.2303576, 1611871554.0530798, 1611871950.9593031, 1611872185.3530598, 1611872581.7831073, 1611872979.134848, 1611873374.417203, 1611873771.844766, 1611874168.148924, 1611874564.537555, 1611874960.5230477, 1611875356.693065, 1611875751.6327856, 1611876148.6844165, 1611876545.30661, 1611876950.1426656, 1611877360.5980651, 1611877791.1463552, 1611878238.966409, 1611878686.409889, 1611879123.3564103, 1611879533.5254803, 1611879939.5373065, 1611880284.3398101, 1611880627.966489, 1611880973.4013877, 1611881322.2341933, 1611881674.110219, 1611882006.1227, 1611882318.710649, 1611882628.0536785], "episode_lengths": [1000, 907, 1000, 666, 856, 1000, 1000, 885, 858, 1000, 1000, 1000, 1000, 1000, 1000, 1000, 1000, 1000, 677, 1000, 1000, 1000, 1000, 1000, 1000, 1000, 1000, 1000, 1000, 1000, 1000, 1000, 1000, 1000, 1000, 1000, 1000, 1000, 1000, 1000, 1000, 1000, 1000, 1000, 1000, 801, 1000, 783, 1000, 1000, 1000, 1000, 1000, 1000, 1000, 1000, 1000, 1000, 1000, 1000, 956, 1000, 1000, 1000, 1000, 1000, 1000, 1000, 1000, 1000, 1000, 1000, 1000, 1000, 1000, 1000, 1000, 1000, 1000, 1000, 1000, 1000, 1000, 1000, 1000, 1000, 1000, 1000, 1000, 1000, 1000, 1000, 1000, 1000, 1000, 941, 1000, 1000, 1000, 1000, 1000, 820, 1000, 1000, 1000, 1000, 1000, 1000, 1000, 1000, 1000, 1000, 1000, 1000, 1000, 1000, 1000, 1000, 1000, 1000, 1000, 1000, 1000, 1000, 1000, 1000, 1000, 614, 1000, 1000, 1000, 1000, 1000, 746, 1000, 1000, 1000, 1000, 1000, 1000, 1000, 1000, 1000, 1000, 1000, 1000, 1000, 1000, 1000, 1000, 1000, 1000, 1000, 1000, 1000, 1000, 1000, 1000, 1000, 1000, 1000, 1000, 1000, 1000, 1000, 1000, 1000, 297, 1000, 1000, 1000, 1000, 1000, 1000, 1000, 1000, 1000, 901, 663, 1000, 1000, 1000, 1000, 1000, 1000, 1000, 1000, 1000, 1000, 731, 1000, 1000, 1000, 1000, 1000, 1000, 1000, 1000, 1000, 1000, 1000, 724, 1000, 1000, 1000, 1000, 1000, 1000, 1000, 646, 1000, 1000, 1000, 1000, 1000, 1000, 1000, 1000, 1000, 774, 1000, 1000, 592, 1000, 1000, 1000, 1000, 1000, 1000, 1000, 1000, 1000, 1000, 1000, 1000, 1000, 1000, 1000, 1000, 1000, 1000, 1000, 1000, 1000, 1000, 1000, 1000, 1000, 1000, 1000],