{"initial_reset_timestamp": 1611785263.4905047, "timestamps": [1611785647.671756, 1611785898.5100052, 1611786277.911836, 1611786655.6845412, 1611787034.70703, 1611787413.6815357, 1611787793.6504717, 1611788174.3060815, 1611788568.1848776, 1611788948.0905287, 1611789325.943641, 1611789704.4136477, 1611790085.2326598, 1611790465.3462267, 1611790845.632749, 1611791226.010068, 1611791605.1411617, 1611791985.6640878, 1611792365.7233486, 1611792745.3125846, 1611793125.5857139, 1611793506.328623, 1611793886.4444075, 1611794266.0402882, 1611794645.278242, 1611795027.8085508, 1611795413.1421547, 1611795815.1984363, 1611796199.1845987, 1611796582.8110166, 1611796967.2599766, 1611797348.5952356, 1611797728.7971487, 1611798112.5269115, 1611798497.5608146, 1611798885.2667127, 1611799266.4762425, 1611799653.3424115, 1611800288.622599, 1611800980.4130888, 1611801671.2965214, 1611802375.642724, 1611803071.9472008, 1611803665.2944386, 1611804045.3103123, 1611804426.8041449, 1611804806.7740183, 1611805329.14962, 1611806029.156159, 1611806728.530353, 1611807422.7107482, 1611808122.1800249, 1611808809.5925438, 1611809190.7178295, 1611809566.7536168, 1611809942.6266713, 1611810304.0460842, 1611810679.2768354, 1611811055.877808, 1611811434.980522, 1611811811.5497777, 1611812187.533647, 1611812569.8082063, 1611812951.2769349, 1611813349.380936, 1611813733.8971746, 1611814111.0586011, 1611814487.3258, 1611814864.3663077, 1611815240.0842996, 1611815617.2008028, 1611815992.4460194, 1611816367.5238874, 1611816742.504778, 1611817119.3001091, 1611817493.431829, 1611817869.2339473, 1611818243.7738733, 1611818619.2786975, 1611818994.8702416, 1611819371.1803179, 1611819747.7310905, 1611820122.9633775, 1611820499.3207834, 1611820874.0571103, 1611821249.7061424, 1611821625.9283755, 1611822000.4251623, 1611822376.6473985, 1611822751.9740713, 1611823126.9337971, 1611823503.9051006, 1611823880.5406125, 1611824257.0009658, 1611824633.2215004, 1611825009.4994824, 1611825384.9927788, 1611825760.5033257, 1611826136.7784822, 1611826512.9930513, 1611826888.4093747, 1611827264.3076277, 1611827639.3691268, 1611828016.0522208, 1611828391.9776225, 1611828767.4629586, 1611829144.7767146, 1611829520.2481556, 1611829894.451095, 1611830270.347121, 1611830645.8335557, 1611831021.7941747, 1611831398.313683, 1611831773.7829604, 1611832150.0088494, 1611832525.537879, 1611832903.242296, 1611833279.218173, 1611833656.8843465, 1611834033.1299324, 1611834410.0147314, 1611834786.5947833, 1611835162.2408986, 1611835538.433981, 1611835916.2548773, 1611836302.6291158, 1611836679.619544, 1611837055.6014636, 1611837432.3056996, 1611837808.2683961, 1611838184.2225978, 1611838559.9458094, 1611838935.840147, 1611839311.453996, 1611839686.9737074, 1611840061.848261, 1611840436.7628257, 1611840812.6451101, 1611841188.1430554, 1611841563.113844, 1611841940.0257828, 1611842315.5600302, 1611842690.1625862, 1611843064.8855708, 1611843440.1760204, 1611843816.2713404, 1611844192.3419626, 1611844568.0501072, 1611844942.7483141, 1611845317.6014986, 1611845693.0159395, 1611846067.726485, 1611846442.5237474, 1611846817.9974213, 1611847193.1799452, 1611847568.989985, 1611847945.2654686, 1611848320.128924, 1611848696.448774, 1611849071.3172388, 1611849447.9005013, 1611849824.9792824, 1611850201.9046648, 1611850578.1582203, 1611850958.097352, 1611851345.270959, 1611851729.9783676, 1611852107.6617267, 1611852486.4576216, 1611852866.9796333, 1611853255.7231622, 1611853652.6560574, 1611853870.3752725, 1611854267.0828779, 1611854502.6311173, 1611854901.1968246, 1611855297.666757, 1611855694.6046207, 1611856089.754671, 1611856484.137086, 1611856876.0670285, 1611857268.1430414, 1611857648.4297173, 1611858028.281834, 1611858407.8162885, 1611858784.5948932, 1611859166.3213634, 1611859547.967646, 1611859929.366335, 1611860308.9553063, 1611860687.1679351, 1611861065.1389003, 1611861443.368287, 1611861825.9697206, 1611862209.4544585, 1611862597.6810503, 1611862987.918003, 1611863377.4448996, 1611863765.384856, 1611864143.652549, 1611864521.9375854, 1611864905.9936328, 1611865286.429197, 1611865669.9785078, 1611866053.3031094, 1611866434.9755485, 1611866818.1580448, 1611867200.6337223, 1611867581.445492, 1611867976.679182, 1611868383.8174412, 1611868796.1591797, 1611869213.6671777, 1611869628.9779935, 1611870047.3041892, 1611870460.139023, 1611870869.5612242, 1611871266.329982, 1611871663.0982296, 1611872058.2771802, 1611872452.7538016, 1611872847.4817853, 1611873241.3794096, 1611873637.0580492, 1611874032.8381662, 1611874428.6829624, 1611874823.411321, 1611875218.9664927, 1611875614.4736886, 1611876010.2576973, 1611876406.8379717, 1611876807.4710155, 1611877215.8604832, 1611877631.6169705, 1611878079.6612425, 1611878528.2180474, 1611878971.1611598, 1611879381.966157, 1611879790.9298418, 1611880155.1677463, 1611880496.813094, 1611880841.0661423, 1611881186.136085, 1611881538.9434235, 1611881876.8650289, 1611882198.6282203, 1611882504.8954282, 1611882817.8048215, 1611883136.185372, 1611883455.512638], "episode_lengths": [1000, 632, 1000, 1000, 1000, 1000, 1000, 1000, 1000, 1000, 1000, 1000, 1000, 1000, 1000, 1000, 1000, 1000, 1000, 1000, 1000, 1000, 1000, 1000, 1000, 1000, 1000, 1000, 1000, 1000, 1000, 1000, 1000, 1000, 1000, 1000, 1000, 1000, 1000, 1000, 1000, 1000, 1000, 1000, 1000, 1000, 1000, 1000, 1000, 1000, 1000, 1000, 1000, 1000, 1000, 1000, 957, 1000, 1000, 1000, 1000, 1000, 1000, 1000, 1000, 1000, 1000, 1000, 1000, 1000, 1000, 1000, 1000, 1000, 1000, 1000, 1000, 1000, 1000, 1000, 1000, 1000, 1000, 1000, 1000, 1000, 1000, 1000, 1000, 1000, 1000, 1000, 1000, 1000, 1000, 1000, 1000, 1000, 1000, 1000, 1000, 1000, 1000, 1000, 1000, 1000, 1000, 1000, 1000, 1000, 1000, 1000, 1000, 1000, 1000, 1000, 1000, 1000, 1000, 1000, 1000, 1000, 1000, 1000, 1000, 1000, 1000, 1000, 1000, 1000, 1000, 1000, 1000, 1000, 1000, 1000, 1000, 1000, 1000, 1000, 1000, 1000, 1000, 1000, 1000, 1000, 1000, 1000, 1000, 1000, 1000, 1000, 1000, 1000, 1000, 1000, 1000, 1000, 1000, 1000, 1000, 1000, 1000, 1000, 1000, 1000, 1000, 1000, 1000, 1000, 1000, 1000, 558, 1000, 582, 1000, 1000, 1000, 1000, 1000, 1000, 1000, 1000, 1000, 1000, 1000, 1000, 1000, 1000, 1000, 1000, 1000, 1000, 1000, 1000, 1000, 1000, 1000, 1000, 1000, 1000, 1000, 1000, 1000, 1000, 1000, 1000, 1000, 1000, 1000, 1000, 1000, 1000, 1000, 1000, 1000, 1000, 1000, 1000, 1000, 1000, 1000, 1000, 1000, 1000, 1000, 1000, 1000, 1000, 1000, 1000, 1000, 1000, 1000, 1000, 1000, 1000, 1000, 1000, 1000, 1000, 1000, 1000, 1000, 1000, 1000, 1000, 1000, 1000, 1000],