{"initial_reset_timestamp": 1611940894.038975, "timestamps": [1611940946.6056137, 1611940998.764129, 1611941033.5369222, 1611941068.8283432, 1611941104.3494055, 1611941140.081873, 1611941156.1124265, 1611941192.7377095, 1611941244.6373982, 1611941282.3469172, 1611941318.1681216, 1611941353.7756379, 1611941389.4664602, 1611941425.424411, 1611941461.1269076, 1611941497.1394205, 1611941532.9288595, 1611941568.398433, 1611941604.5924559, 1611941640.70785, 1611941676.3413184, 1611941712.067764, 1611941748.1990032, 1611941784.8712766, 1611941820.474459, 1611941856.757921, 1611941894.0895364, 1611941945.2634325, 1611941982.2579556, 1611942016.1363275, 1611942042.869346], "episode_lengths": [1000, 1000, 1000, 1000, 1000, 1000, 423, 1000, 1000, 1000, 1000, 1000, 1000, 1000, 1000, 1000, 1000, 1000, 1000, 1000, 1000, 1000, 1000, 1000, 1000, 1000, 1000, 1000, 1000, 1000, 1000], "episode_rewards": [249.8452012383937, 28.919860627180405, -57.654723127036576, 370.8029197080271, 16.883116883116063, 136.42172523962086, -66.3877256317694, 410.2739726027358, 17.647058823529175, 128.32369942196829, 153.47222222222754, 457.49128919859584, 464.01384083044496, -65.98639455782367, 227.64505119454262, -74.91039426523292, 106.89655172414109, 176.5957446808551, 484.6774193548259, 384.27672955974367, 200.35335689046306, 43.91143911439422, 362.2950819672105, 160.5633802816912, 716.406249999988, 474.9999999999894, 202.01342281879394, 70.2127659574464, -10.39426523297566, 120.1834862385343, 592.0529801324436], "episode_types": ["e", "e", "e", "e", "e", "e", "e", "e", "e", "e", "e", "e", "e", "e", "e", "e", "e", "e", "e", "e", "e", "e", "e", "e", "e", "e", "e", "e", "e", "e", "e"]}