{"initial_reset_timestamp": 1612011346.5248265, "timestamps": [1612011398.1994162, 1612011447.952879, 1612011481.6295552, 1612011516.4194436, 1612011551.7195263, 1612011588.0100105, 1612011624.853142, 1612011662.08711, 1612011711.546859, 1612011728.0589406, 1612011763.716869, 1612011799.330425, 1612011835.5014188, 1612011870.768338, 1612011905.6794367, 1612011941.1719131, 1612011976.0295637, 1612011998.9496434, 1612012034.6236362, 1612012071.0235958, 1612012106.0016732, 1612012141.6195629, 1612012177.3522675, 1612012212.2071126, 1612012247.5481336, 1612012282.2457962, 1612012319.6985822, 1612012368.112718, 1612012403.2654517, 1612012438.8157332, 1612012449.3586738], "episode_lengths": [1000, 1000, 1000, 1000, 1000, 1000, 1000, 1000, 1000, 461, 1000, 1000, 1000, 1000, 1000, 1000, 1000, 649, 1000, 1000, 1000, 1000, 1000, 1000, 1000, 1000, 1000, 1000, 1000, 1000, 288], "episode_rewards": [522.837370242201, -1.360544217688102, -20.152091254753667, 154.75285171103116, 631.1475409835934, -15.78947368421136, 132.1981424148632, 266.666666666664, -10.958904109588898, -21.81699346405071, 385.04983388703954, -17.491749174917324, 230.38348082596227, 574.7404844290545, 168.9655172413828, 364.15094339622135, 264.5833333333249, -79.47576791808947, -8.450704225352933, 86.33540372671084, 305.7971014492782, 286.1386138613872, 495.0920245398689, 622.602739726012, 213.8075313807586, 619.1011235954941, 284.8797250859004, 106.47773279352765, 185.7142857142902, 784.8920863309187, -69.22044609665463], "episode_types": ["e", "e", "e", "e", "e", "e", "e", "e", "e", "e", "e", "e", "e", "e", "e", "e", "e", "e", "e", "e", "e", "e", "e", "e", "e", "e", "e", "e", "e", "e", "e"]}