{"initial_reset_timestamp": 1611440938.2621548, "timestamps": [1611440981.9385657, 1611441026.94583, 1611441057.137986, 1611441087.2888134, 1611441118.145528, 1611441145.7767253, 1611441177.6905649, 1611441209.955549, 1611441220.8865654, 1611441226.5608122, 1611441258.484376, 1611441290.3722928, 1611441322.2904387, 1611441353.1834602, 1611441384.4041648, 1611441415.603787, 1611441445.8754256, 1611441476.608277, 1611441507.6343558, 1611441539.2274342, 1611441569.8989196, 1611441600.4514754, 1611441631.152856, 1611441661.4449663, 1611441691.6835496, 1611441721.919075, 1611441753.069469, 1611441793.9743252, 1611441824.9770188, 1611441855.455927, 1611441886.4783509], "episode_lengths": [1000, 1000, 1000, 1000, 1000, 887, 1000, 1000, 247, 159, 1000, 1000, 1000, 1000, 1000, 1000, 1000, 1000, 1000, 1000, 1000, 1000, 1000, 1000, 1000, 1000, 1000, 1000, 1000, 1000, 1000], "episode_rewards": [384.5679012345568, -9.747292418773192, 76.2452107279731, 320.4946996466425, 52.86624203822086, 331.1132616487304, 169.3726937269422, -48.38709677419388, 32.262745098039886, 40.55179153094525, 152.42718446602447, -39.93993993994054, 3.333333333332336, 286.98630136985446, 426.31578947367274, 284.8684210526323, 804.5801526717459, 314.1414141414138, 127.1293375394363, -76.89768976897611, 231.2302839116767, 179.3103448275898, 100.00000000000387, 241.72661870503913, 191.09589041096325, 44.57831325301586, 60.839160839165885, 228.35820895522536, 337.95620437956313, 100.00000000000438, 401.6611295680957], "episode_types": ["e", "e", "e", "e", "e", "e", "e", "e", "e", "e", "e", "e", "e", "e", "e", "e", "e", "e", "e", "e", "e", "e", "e", "e", "e", "e", "e", "e", "e", "e", "e"]}