{"initial_reset_timestamp": 1611385098.7738814, "timestamps": [1611385122.8358889], "episode_lengths": [1000], "episode_rewards": [446.938775510187], "episode_types": ["e"]}