{"initial_reset_timestamp": 1612011342.126333, "timestamps": [1612011393.266069, 1612011444.3706055, 1612011478.7827306, 1612011514.4421926, 1612011549.503238, 1612011586.244908, 1612011622.9221876, 1612011661.0156074, 1612011710.4776819, 1612011746.7529912, 1612011782.5771756, 1612011818.3401654, 1612011853.9952242, 1612011889.6517422, 1612011924.9460468, 1612011938.3560305, 1612011973.9752214, 1612012010.3938618, 1612012034.2165241, 1612012070.6246395, 1612012105.8642585, 1612012142.2638977, 1612012162.2912798, 1612012191.5065286, 1612012226.4449627, 1612012261.8413775, 1612012298.6042037, 1612012348.9027743, 1612012385.0744004, 1612012420.4806828, 1612012457.0063882], "episode_lengths": [1000, 1000, 1000, 1000, 1000, 1000, 1000, 1000, 1000, 1000, 1000, 1000, 1000, 1000, 1000, 366, 1000, 1000, 671, 1000, 1000, 1000, 559, 827, 1000, 1000, 1000, 1000, 1000, 1000, 1000], "episode_rewards": [125.49019607843636, -64.40129449838265, 22.676579925649833, 137.82234957020188, 406.711409395968, 19.88304093567148, 284.00000000000273, 41.1042944785266, -25.566343042071143, 657.4750830564635, 108.90410958904215, 59.4202898550712, 61.4906832298165, 534.146341463408, 192.25352112676546, -53.93119266055091, 144.44444444444665, 169.69696969697378, -89.53521126760639, 91.9191919191922, 265.6716417910482, 175.74750830565267, -116.71205211726404, -73.75646258503504, 817.6954732510154, 180.442804428049, 156.8807339449593, 507.4766355140092, 33.56164383561748, 159.25925925926495, 126.92307692308205], "episode_types": ["e", "e", "e", "e", "e", "e", "e", "e", "e", "e", "e", "e", "e", "e", "e", "e", "e", "e", "e", "e", "e", "e", "e", "e", "e", "e", "e", "e", "e", "e", "e"]}