{"initial_reset_timestamp": 1612011339.9119716, "timestamps": [1612011389.4226673, 1612011439.716116, 1612011474.321817, 1612011488.3080955, 1612011523.529901, 1612011559.3028007, 1612011596.4745255, 1612011632.678757, 1612011653.804057, 1612011692.583601, 1612011729.8643472, 1612011765.7798803, 1612011782.9377048, 1612011818.4346185, 1612011854.7412937, 1612011889.6375303, 1612011925.2707303, 1612011960.1386616, 1612011995.3488576, 1612012031.3268845, 1612012068.1791706, 1612012103.3669176, 1612012139.8537893, 1612012176.5645216, 1612012211.303593, 1612012246.7513804, 1612012282.732608, 1612012331.997407, 1612012368.6465447, 1612012404.630053, 1612012440.364278], "episode_lengths": [1000, 1000, 1000, 383, 1000, 1000, 1000, 1000, 425, 1000, 1000, 1000, 473, 1000, 1000, 1000, 1000, 1000, 1000, 1000, 1000, 1000, 1000, 1000, 1000, 1000, 1000, 1000, 1000, 1000, 1000], "episode_rewards": [490.7335907335818, -22.600619195047255, 288.51351351351485, -61.02958199356954, 52.86624203821899, -20.962199312715125, -44.606413994169856, 129.92700729927512, 60.933333333335185, -42.12218649517707, -46.76806083650242, 246.5703971119107, -82.1845201238395, 136.24595469256104, 169.88636363636655, -54.24836601307269, 617.6870748299222, 142.81150159744848, 386.3813229571956, 475.3424657534176, 308.5365853658528, 609.0301003344323, 195.77464788732715, 179.411764705885, 490.5511811023601, 180.57553956834911, 587.2964169380984, 533.8028169013951, 326.116838487968, -21.212121212121666, 589.5424836601197], "episode_types": ["e", "e", "e", "e", "e", "e", "e", "e", "e", "e", "e", "e", "e", "e", "e", "e", "e", "e", "e", "e", "e", "e", "e", "e", "e", "e", "e", "e", "e", "e", "e"]}