{"initial_reset_timestamp": 1611785265.492541, "timestamps": [1611785650.8239841, 1611785900.3658686, 1611786226.8317928, 1611786603.6970153, 1611786984.5635796, 1611787364.2454414, 1611787746.5841477, 1611788127.0644083, 1611788523.3618927, 1611788904.0872564, 1611789282.8998168, 1611789662.9526927, 1611790042.9536352, 1611790424.4020996, 1611790806.3503067, 1611791078.618392, 1611791443.4654043, 1611791823.6894112, 1611792204.4534185, 1611792587.2693152, 1611792967.1902506, 1611793348.1406338, 1611793730.4942431, 1611794111.6633875, 1611794391.3213177, 1611794508.5959756, 1611794633.2496312, 1611795025.6509476, 1611795412.06989, 1611795805.9922693, 1611796190.8337953, 1611796292.4365897, 1611796680.144328, 1611797064.4811733, 1611797251.14509, 1611797633.9758573, 1611798018.6396043, 1611798403.6388638, 1611798791.4112628, 1611799145.9841924, 1611799531.581125, 1611800071.2142978, 1611800763.7847414, 1611801456.7099164, 1611802162.120931, 1611802863.392412, 1611803548.366387, 1611803932.7379112, 1611804315.1204786, 1611804697.43939, 1611805128.1774368, 1611805824.936333, 1611806523.5124602, 1611806808.3841674, 1611807503.994547, 1611808202.4499557, 1611808856.1040497, 1611809232.7243865, 1611809611.2636392, 1611809986.4950461, 1611810363.1610048, 1611810632.4331725, 1611811009.3844154, 1611811387.4601834, 1611811776.392748, 1611812153.5299897, 1611812537.089857, 1611812920.2661762, 1611813309.439165, 1611813696.957119, 1611813843.5166743, 1611814221.185037, 1611814597.2795763, 1611814973.3092704, 1611815349.9298222, 1611815727.2069986, 1611816104.5581486, 1611816482.1045938, 1611816860.341276, 1611817234.1842196, 1611817611.365378, 1611817940.84544, 1611818317.7486782, 1611818693.8229508, 1611819070.6480398, 1611819447.4459915, 1611819823.7828043, 1611820200.3573036, 1611820576.29435, 1611820952.5653977, 1611821330.2688313, 1611821706.715573, 1611822083.3804302, 1611822459.2690206, 1611822836.059271, 1611823213.637834, 1611823589.976248, 1611823968.2952678, 1611824344.2349489, 1611824720.0040398, 1611825094.7122185, 1611825471.7461996, 1611825848.261534, 1611826223.7701218, 1611826600.0978057, 1611826977.1528096, 1611827354.2597227, 1611827731.4348078, 1611828108.3805976, 1611828484.2883193, 1611828861.5203896, 1611829237.4946585, 1611829614.406461, 1611829990.7424264, 1611830367.4429536, 1611830744.6392498, 1611831120.0379033, 1611831495.8167737, 1611831870.0538003, 1611832247.5798762, 1611832624.651623, 1611833001.3008676, 1611833377.9090984, 1611833756.8725748, 1611834133.9949138, 1611834522.0354116, 1611834675.9100375, 1611835053.9747663, 1611835432.389063, 1611835809.835379, 1611836189.001237, 1611836568.4047701, 1611836944.7611303, 1611837322.0128412, 1611837700.2867398, 1611838079.0047102, 1611838455.0257466, 1611838830.6965022, 1611839208.3439472, 1611839583.365328, 1611839960.850765, 1611840336.018499, 1611840711.6408007, 1611840910.6050177, 1611841293.7945971, 1611841672.3342721, 1611842048.8707619, 1611842425.0749032, 1611842801.7240806, 1611843178.4452813, 1611843554.834006, 1611843931.8121974, 1611844308.4035623, 1611844684.0883622, 1611845061.1368747, 1611845437.898953, 1611845815.153311, 1611846192.0203257, 1611846569.2102273, 1611846946.2434812, 1611847322.9574943, 1611847700.2251794, 1611848076.2884698, 1611848453.0526865, 1611848829.349784, 1611849207.2009213, 1611849583.6644876, 1611849960.176968, 1611850338.0159907, 1611850717.9789593, 1611851100.691945, 1611851488.7019055, 1611851873.7368767, 1611852254.4544966, 1611852463.310855, 1611852843.6683745, 1611853232.412286, 1611853628.3004448, 1611854024.5749834, 1611854421.087926, 1611854819.556567, 1611855218.4519727, 1611855617.341263, 1611856013.397223, 1611856408.7203155, 1611856801.9060705, 1611857198.633003, 1611857579.6235936, 1611857963.5202916, 1611858342.947493, 1611858724.0018926, 1611859106.313723, 1611859488.3266659, 1611859872.5751712, 1611860254.375614, 1611860424.2005665, 1611860805.425719, 1611861183.6578941, 1611861562.802617, 1611861947.6375923, 1611862336.0144844, 1611862725.7213542, 1611863117.1290462, 1611863510.1589894, 1611863893.7422585, 1611864271.7017822, 1611864652.2375593, 1611865035.408661, 1611865420.5323935, 1611865583.9444335, 1611865965.1100225, 1611866347.7141511, 1611866730.698966, 1611867113.055955, 1611867495.083281, 1611867883.2621481, 1611868301.1821012, 1611868711.2495496, 1611869127.402102, 1611869545.6298954, 1611869964.1217391, 1611870383.3569975, 1611870785.72367, 1611871186.8408864, 1611871575.4666443, 1611871971.389265, 1611872173.968869, 1611872571.0817113, 1611872967.8649108, 1611873364.095253, 1611873757.9357324, 1611874155.510273, 1611874373.2477841, 1611874768.1592796, 1611875162.7730358, 1611875560.0902221, 1611875956.0446165, 1611876351.5293322, 1611876750.5744882, 1611877160.6239026, 1611877575.5771427, 1611878021.8098092, 1611878470.9864016, 1611878916.2308836, 1611879334.4368532, 1611879745.4018216, 1611880119.643351, 1611880461.3982315, 1611880806.0536387, 1611881150.590382], "episode_lengths": [1000, 631, 853, 1000, 1000, 1000, 1000, 1000, 1000, 1000, 1000, 1000, 1000, 1000, 1000, 707, 956, 1000, 1000, 1000, 1000, 1000, 1000, 1000, 732, 311, 332, 1000, 1000, 1000, 1000, 272, 1000, 1000, 489, 1000, 1000, 1000, 1000, 909, 1000, 1000, 1000, 1000, 1000, 1000, 1000, 1000, 1000, 1000, 1000, 1000, 1000, 419, 1000, 1000, 1000, 1000, 1000, 1000, 1000, 704, 1000, 1000, 1000, 1000, 1000, 1000, 1000, 1000, 398, 1000, 1000, 1000, 1000, 1000, 1000, 1000, 1000, 1000, 1000, 867, 1000, 1000, 1000, 1000, 1000, 1000, 1000, 1000, 1000, 1000, 1000, 1000, 1000, 1000, 1000, 1000, 1000, 1000, 1000, 1000, 1000, 1000, 1000, 1000, 1000, 1000, 1000, 1000, 1000, 1000, 1000, 1000, 1000, 1000, 1000, 1000, 1000, 1000, 1000, 1000, 1000, 1000, 1000, 1000, 409, 1000, 1000, 1000, 1000, 1000, 1000, 1000, 1000, 1000, 1000, 1000, 1000, 1000, 1000, 1000, 1000, 541, 1000, 1000, 1000, 1000, 1000, 1000, 1000, 1000, 1000, 1000, 1000, 1000, 1000, 1000, 1000, 1000, 1000, 1000, 1000, 1000, 1000, 1000, 1000, 1000, 1000, 1000, 1000, 1000, 1000, 1000, 551, 1000, 1000, 1000, 1000, 1000, 1000, 1000, 1000, 1000, 1000, 1000, 1000, 1000, 1000, 1000, 1000, 1000, 1000, 1000, 1000, 460, 1000, 1000, 1000, 1000, 1000, 1000, 1000, 1000, 1000, 1000, 1000, 1000, 1000, 427, 1000, 1000, 1000, 1000, 1000, 1000, 1000, 1000, 1000, 1000, 1000, 1000, 1000, 1000, 974, 1000, 502, 1000, 1000, 1000, 1000, 1000, 550, 1000, 1000, 1000, 1000, 1000, 1000, 1000, 1000, 1000, 1000, 1000, 1000, 1000, 1000, 1000, 1000, 1000],