{"initial_reset_timestamp": 1611465997.9084282, "timestamps": [1611466022.6051166, 1611466041.9441836, 1611466060.0627484, 1611466077.8224683, 1611466091.0284193, 1611466109.2033794, 1611466128.1672475, 1611466146.1092613, 1611466171.483558, 1611466190.3835778, 1611466208.6895533, 1611466226.8023717, 1611466244.776609, 1611466262.9575777, 1611466268.3703659, 1611466286.7576177, 1611466305.7347453, 1611466324.7419076, 1611466343.2261195, 1611466361.84478, 1611466380.1712346, 1611466398.9505267, 1611466417.8970058, 1611466420.68569, 1611466438.5954897, 1611466456.8618822, 1611466470.570991, 1611466479.5748544, 1611466497.5650535, 1611466505.9490132, 1611466524.617471], "episode_lengths": [1000, 805, 1000, 1000, 733, 1000, 1000, 1000, 1000, 1000, 1000, 1000, 1000, 1000, 292, 1000, 1000, 1000, 1000, 1000, 1000, 1000, 1000, 143, 1000, 1000, 760, 362, 1000, 446, 1000], "episode_rewards": [297.84946236558244, -2.699651567940464, -10.828025477707724, 295.10489510489595, -36.69206349206147, -61.78343949044661, -54.88721804511328, 303.2921810699602, -78.0219780219778, 241.93548387096516, 61.04868913858107, -8.424908424908311, 231.14754098361166, -56.228956228956804, 11.883606557378386, 319.5804195804149, -70.80291970802965, 422.43589743588905, 335.2517985611367, 190.51987767584657, 531.2292358803882, 14.006514657981608, -16.349809885932178, 13.140823970037914, 153.84615384615864, 396.5277777777656, 422.762207357851, -70.74052287581739, 637.2013651876938, -74.50000000000048, 281.270903010032], "episode_types": ["e", "e", "e", "e", "e", "e", "e", "e", "e", "e", "e", "e", "e", "e", "e", "e", "e", "e", "e", "e", "e", "e", "e", "e", "e", "e", "e", "e", "e", "e", "e"]}