{"initial_reset_timestamp": 1611440942.7391453, "timestamps": [1611440987.8632042, 1611441018.3878257, 1611441050.0854135, 1611441080.7511244, 1611441110.9618993, 1611441141.1725862, 1611441173.531164, 1611441205.2727535, 1611441248.7503011, 1611441257.1617854, 1611441288.2964976, 1611441304.770438, 1611441321.2782407, 1611441352.2346144, 1611441383.4347737, 1611441413.9833496, 1611441429.9916267, 1611441460.4624178, 1611441491.947545, 1611441522.8898761, 1611441553.5306473, 1611441584.2951958, 1611441614.7572305, 1611441644.5553138, 1611441675.192829, 1611441705.2618995, 1611441735.5136662, 1611441776.083783, 1611441807.6220157, 1611441838.4874175, 1611441869.3126667], "episode_lengths": [1000, 706, 1000, 1000, 1000, 1000, 1000, 1000, 1000, 271, 1000, 517, 531, 1000, 1000, 1000, 517, 1000, 1000, 1000, 1000, 1000, 1000, 1000, 1000, 1000, 1000, 1000, 1000, 1000, 1000], "episode_rewards": [366.9117647058674, -8.04512635378829, 148.34437086092998, -23.566878980892294, 73.46938775510355, 49.30555555555838, 118.75000000000244, 265.8536585365841, 205.2631578947389, -47.96219931271459, 129.1666666666721, 180.74421364984795, 22.182481751826202, 58.783783783787264, 116.04938271605417, 38.613861386141764, 4.109342560555461, 388.46153846153527, 263.3217993079608, 76.07973421926926, -66.15384615384681, -81.65137614678859, 278.78787878788063, 280.47138047136946, -6.14886731391585, 476.2081784386513, 441.81818181817357, 317.8082191780807, 387.71929824560834, 129.92700729927324, 146.05678233438954], "episode_types": ["e", "e", "e", "e", "e", "e", "e", "e", "e", "e", "e", "e", "e", "e", "e", "e", "e", "e", "e", "e", "e", "e", "e", "e", "e", "e", "e", "e", "e", "e", "e"]}