{"initial_reset_timestamp": 1611440940.449322, "timestamps": [1611440985.398737, 1611441030.1139412, 1611441060.870749, 1611441091.2645898, 1611441121.1405537, 1611441142.7447944, 1611441175.5151541, 1611441206.6574638, 1611441250.0663862, 1611441281.196894, 1611441313.0785275, 1611441344.2507384, 1611441375.2650435, 1611441406.6979134, 1611441437.924726, 1611441469.1720688, 1611441500.9301674, 1611441532.56956, 1611441564.0142152, 1611441594.4516814, 1611441624.8844755, 1611441655.4298005, 1611441685.9116635, 1611441716.0927436, 1611441746.8662138, 1611441778.6579342, 1611441810.414648, 1611441850.1262422, 1611441880.874023, 1611441912.37761, 1611441945.8541164], "episode_lengths": [1000, 1000, 1000, 1000, 1000, 695, 1000, 1000, 1000, 1000, 1000, 1000, 1000, 1000, 1000, 1000, 1000, 1000, 1000, 1000, 1000, 1000, 1000, 1000, 1000, 1000, 1000, 1000, 1000, 1000, 1000], "episode_rewards": [261.904761904747, 103.9473684210557, 233.3333333333363, -40.55944055944103, -55.47945205479517, -101.4987654320994, -43.661971830986396, -30.00000000000063, 115.4340836012879, -29.292929292929994, 206.25000000000222, 199.2700729927064, 167.3611111111167, -2.7355623100314754, -11.111111111111681, -61.7834394904466, 129.7297297297352, -36.90851735015838, 202.39520958084256, -18.149466192170973, 315.3354632587867, 90.81272084805919, 28.57142857143095, -29.66360856269164, 85.96491228070639, -7.216494845360824, 36.84210526315675, 143.98625429553547, 181.13879003559006, 512.3188405797032, 140.8536585365899], "episode_types": ["e", "e", "e", "e", "e", "e", "e", "e", "e", "e", "e", "e", "e", "e", "e", "e", "e", "e", "e", "e", "e", "e", "e", "e", "e", "e", "e", "e", "e", "e", "e"]}