{"initial_reset_timestamp": 1611382153.8643186, "timestamps": [1611382177.984114], "episode_lengths": [1000], "episode_rewards": [376.5342960288703], "episode_types": ["e"]}