{"initial_reset_timestamp": 1606367325.0699224, "timestamps": [1606367391.1029143], "episode_lengths": [1000], "episode_rewards": [499.9999999999909], "episode_types": ["e"]}