{"initial_reset_timestamp": 1606367790.463016, "timestamps": [1606367858.548512], "episode_lengths": [1000], "episode_rewards": [510.93247588423617], "episode_types": ["e"]}