{"initial_reset_timestamp": 1606367457.1621606, "timestamps": [1606367520.8239527], "episode_lengths": [1000], "episode_rewards": [747.6562499999867], "episode_types": ["e"]}