{"initial_reset_timestamp": 1606367260.2760553, "timestamps": [1606367324.9528122], "episode_lengths": [1000], "episode_rewards": [623.5494880545917], "episode_types": ["e"]}