{"initial_reset_timestamp": 1606367587.8871956, "timestamps": [1606367653.3980603], "episode_lengths": [1000], "episode_rewards": [375.6944444444352], "episode_types": ["e"]}