{"initial_reset_timestamp": 1606367520.9716194, "timestamps": [1606367587.7357357], "episode_lengths": [1000], "episode_rewards": [495.39473684209594], "episode_types": ["e"]}