{"initial_reset_timestamp": 1606367653.5642748, "timestamps": [1606367722.7755723], "episode_lengths": [1000], "episode_rewards": [558.536585365843], "episode_types": ["e"]}