{"initial_reset_timestamp": 1584490303.3432767, "timestamps": [1584490377.0587728], "episode_lengths": [1000], "episode_rewards": [178.19548872180775], "episode_types": ["t"]}