{"initial_reset_timestamp": 1584569853.4077692, "timestamps": [1584569894.833409, 1584569936.10883], "episode_lengths": [1000, 1000], "episode_rewards": [899.9999999999816, 681.954887218034], "episode_types": ["t", "t"]}