{"initial_reset_timestamp": 1582308024.7182987, "timestamps": [1582308029.5357437], "episode_lengths": [296], "episode_rewards": [13.357142857144169], "episode_types": ["e"]}