{"initial_reset_timestamp": 1582307958.6395574, "timestamps": [1582307962.1436605], "episode_lengths": [203], "episode_rewards": [-29.974436090224728], "episode_types": ["e"]}