{"initial_reset_timestamp": 1582308179.031431, "timestamps": [1582308183.9195805], "episode_lengths": [267], "episode_rewards": [31.294736842106488], "episode_types": ["e"]}