{"initial_reset_timestamp": 1584555964.990609, "timestamps": [1584556006.3990166, 1584556050.4921844, 1584556061.7113223, 1584556072.7720518, 1584556083.7367585, 1584556094.8943768, 1584556105.908376, 1584556116.924547, 1584556159.4544342, 1584556170.663494, 1584556181.8471806, 1584556192.7226498, 1584556203.8330824, 1584556215.0634613, 1584556226.31475], "episode_lengths": [1000, 1000, 1000, 1000, 1000, 1000, 1000, 1000, 1000, 1000, 1000, 1000, 1000, 1000, 1000], "episode_rewards": [892.4812030075043, 899.9999999999865, 839.1304347825919, 899.9999999999849, 899.9999999999823, 858.3333333333161, 345.3124999999808, 542.8571428571249, 899.9999999999834, 899.9999999999917, 867.7419354838564, 606.7669172932146, 884.2519685039268, 842.0289855072295, 215.78947368420629], "episode_types": ["t", "t", "t", "t", "t", "t", "t", "t", "t", "t", "t", "t", "t", "t", "t"]}