{"initial_reset_timestamp": 1584563663.5398026, "timestamps": [1584563706.2074459, 1584563748.3814585, 1584563759.855561, 1584563772.242643, 1584563783.2289011, 1584563796.4092238, 1584563807.4273412, 1584563815.6490471, 1584563858.5819638, 1584563870.4937534], "episode_lengths": [1000, 1000, 1000, 1000, 1000, 1000, 1000, 720, 1000, 1000], "episode_rewards": [696.9924812029884, 794.7368421052432, 899.9999999999791, 899.999999999983, 899.9999999999819, 899.9999999999864, 899.9999999999808, 256.6714285714204, 816.0305343511395, 899.9999999999835], "episode_types": ["t", "t", "t", "t", "t", "t", "t", "t", "t", "t"]}