{"initial_reset_timestamp": 1584574376.047567, "timestamps": [1584574422.7024982, 1584574468.39199, 1584574479.5515792, 1584574490.3995743, 1584574500.7565732, 1584574512.0498288, 1584574523.2191434, 1584574534.3555522, 1584574577.3906667, 1584574588.8155382, 1584574599.5871289, 1584574610.6288445, 1584574622.298821, 1584574634.4308953, 1584574646.8291893, 1584574658.1507587, 1584574669.8529937, 1584574681.1707933, 1584574693.3098218, 1584574705.3381255], "episode_lengths": [1000, 1000, 1000, 1000, 1000, 1000, 1000, 1000, 1000, 1000, 1000, 1000, 1000, 1000, 1000, 1000, 1000, 1000, 1000, 1000], "episode_rewards": [411.2781954887143, 899.9999999999824, 821.7391304347652, 615.3846153846046, 868.2539682539509, 899.9999999999865, 353.1249999999923, 899.9999999999833, 22.137404580153877, 403.93700787400303, 899.999999999984, 42.85714285714667, 899.9999999999847, -63.768115942029844, 463.9097744360812, 899.999999999984, 892.4812030075005, 589.655172413776, 613.1782945736405, 846.5648854961726], "episode_types": ["t", "t", "t", "t", "t", "t", "t", "t", "t", "t", "t", "t", "t", "t", "t", "t", "t", "t", "t", "t"]}