{"initial_reset_timestamp": 1584642949.616906, "timestamps": [1584642989.5492156, 1584643030.554353, 1584643041.1686563, 1584643052.0946856, 1584643062.4641376, 1584643073.3960805, 1584643083.9515986, 1584643094.3864532, 1584643133.6232545, 1584643144.7237022], "episode_lengths": [1000, 1000, 1000, 1000, 1000, 1000, 1000, 1000, 1000, 1000], "episode_rewards": [899.9999999999784, 839.8496240601302, 108.69565217391823, 899.9999999999832, 479.36507936506985, 858.3333333333188, 368.7499999999991, 304.7619047618991, 838.9312977099106, 396.06299212596946], "episode_types": ["t", "t", "t", "t", "t", "t", "t", "t", "t", "t"]}