{"initial_reset_timestamp": 1583978471.9065733, "timestamps": [1583978542.652819, 1583978613.7475367, 1583978656.635996, 1583978701.5703695, 1583978749.2298157, 1583978797.0380492, 1583978842.1440732, 1583978889.0792909, 1583978964.9704957, 1583979008.8984199, 1583979049.6523094, 1583979091.7340455, 1583979134.9881096, 1583979177.5932698, 1583979220.2825809, 1583979265.0835369, 1583979309.7925012, 1583979355.0197253, 1583979399.0825984, 1583979444.03482, 1583979487.9702857, 1583979532.5324776, 1583979576.3129826, 1583979620.8397884, 1583979664.688583, 1583979708.4155083, 1583979752.2105715, 1583979824.4386647, 1583979870.3805099, 1583979914.987064, 1583979959.6243775, 1583980003.1370556, 1583980047.251501, 1583980092.4689016, 1583980136.9173148, 1583980181.508663, 1583980226.9012501, 1583980271.034931, 1583980315.0686803, 1583980359.5077946, 1583980403.1677282, 1583980447.8532908], "episode_lengths": [1000, 1000, 1000, 1000, 1000, 1000, 1000, 1000, 1000, 1000, 1000, 1000, 1000, 1000, 1000, 1000, 1000, 1000, 1000, 1000, 1000, 1000, 1000, 1000, 1000, 1000, 1000, 1000, 1000, 1000, 1000, 1000, 1000, 1000, 1000, 1000, 1000, 1000, 1000, 1000, 1000, 1000], "episode_rewards": [-62.40601503759476, -69.92481203007513, -39.13043478260929, -7.692307692307143, 58.73015873016367, -2.77777777777711, 40.625000000003624, 50.79365079365518, 52.67175572519527, 18.110236220474356, 69.3548387096827, -24.812030075188748, 73.22834645669715, -27.536231884058168, -32.330827067670015, 25.000000000001307, -17.293233082707115, 20.68965517241398, 179.0697674418653, 251.1450381679437, 375.40983606556284, 292.85714285713766, 126.89075630252552, 411.2781954887075, 615.3846153845998, 773.94957983192, 493.74999999998977, 709.0909090908942, 275.9398496240609, 347.1544715446996, 25.00000000000044, 42.85714285714337, 820.6349206349096, 17.647058823531253, 785.245901639327, 403.7037037036881, 854.1984732824307, 881.4814814814624, 554.8672566371572, 749.6240601503606, 693.6507936507797, 710.6060606060456], "episode_types": ["t", "t", "t", "t", "t", "t", "t", "t", "t", "t", "t", "t", "t", "t", "t", "t", "t", "t", "t", "t", "t", "t", "t", "t", "t", "t", "t", "t", "t", "t", "t", "t", "t", "t", "t", "t", "t", "t", "t", "t", "t", "t", "t"]}