{"initial_reset_timestamp": 1582307906.5916948, "timestamps": [1582307909.9668162], "episode_lengths": [267], "episode_rewards": [-6.299248120299595], "episode_types": ["e"]}