{"initial_reset_timestamp": 1582308281.313018, "timestamps": [1582308286.0187838], "episode_lengths": [262], "episode_rewards": [9.23834586466279], "episode_types": ["e"]}