{"initial_reset_timestamp": 1585371256.188826, "timestamps": [1585371277.7168517, 1585371299.8571901, 1585371305.8050327, 1585371311.731839, 1585371318.4107666, 1585371325.0062127, 1585371331.2646537, 1585371336.7532537, 1585371359.7647355, 1585371365.742111], "episode_lengths": [500, 500, 500, 500, 500, 500, 500, 500, 500, 500], "episode_rewards": [25.18796992481152, 145.4887218045136, 198.12030075188213, 77.81954887218272, 122.93233082706996, 115.41353383458878, 183.0827067669197, 47.744360902256794, 92.85714285714516, 160.5263157894761], "episode_types": ["t", "t", "t", "t", "t", "t", "t", "t", "t", "t"]}