{"initial_reset_timestamp": 1606367391.2561681, "timestamps": [1606367457.031648], "episode_lengths": [1000], "episode_rewards": [699.999999999986], "episode_types": ["e"]}