{"initial_reset_timestamp": 1606367195.0728104, "timestamps": [1606367260.1245816], "episode_lengths": [1000], "episode_rewards": [634.2192691029816], "episode_types": ["e"]}