{"initial_reset_timestamp": 1606367722.968948, "timestamps": [1606367790.3050482], "episode_lengths": [1000], "episode_rewards": [813.494809688572], "episode_types": ["e"]}